annual_fact_id,metric,fiscal_year,analytical_view,value_normalized,normalized_unit,direct_or_derived,fact_status,validation_status,accession_number,filed_at,information_cutoff
annual:accounts_payable:2021:as_originally_filed,accounts_payable,2021,as_originally_filed,15478.0,USD_millions,direct,authoritative,pass,0000027419-22-000007,2022-03-09,2026-09-14
annual:accounts_payable:2021:latest_restated,accounts_payable,2021,latest_restated,15478.0,USD_millions,direct,authoritative,pass,0000027419-23-000015,2023-03-08,2026-09-14
annual:accounts_payable:2022:as_originally_filed,accounts_payable,2022,as_originally_filed,13487.0,USD_millions,direct,authoritative,pass,0000027419-23-000015,2023-03-08,2026-09-14
annual:accounts_payable:2022:latest_restated,accounts_payable,2022,latest_restated,13487.0,USD_millions,direct,authoritative,pass,0000027419-24-000032,2024-03-13,2026-09-14
annual:accounts_payable:2023:as_originally_filed,accounts_payable,2023,as_originally_filed,12098.0,USD_millions,direct,authoritative,pass,0000027419-24-000032,2024-03-13,2026-09-14
annual:accounts_payable:2023:latest_restated,accounts_payable,2023,latest_restated,12098.0,USD_millions,direct,authoritative,pass,0000027419-25-000018,2025-03-12,2026-09-14
annual:accounts_payable:2024:as_originally_filed,accounts_payable,2024,as_originally_filed,13053.0,USD_millions,direct,authoritative,pass,0000027419-25-000018,2025-03-12,2026-09-14
annual:accounts_payable:2024:latest_restated,accounts_payable,2024,latest_restated,13053.0,USD_millions,direct,authoritative,pass,0000027419-26-000016,2026-03-11,2026-09-14
annual:accounts_payable:2025:as_originally_filed,accounts_payable,2025,as_originally_filed,12622.0,USD_millions,direct,authoritative,pass,0000027419-26-000016,2026-03-11,2026-09-14
annual:accounts_payable:2025:latest_restated,accounts_payable,2025,latest_restated,12622.0,USD_millions,direct,authoritative,pass,0000027419-26-000016,2026-03-11,2026-09-14
annual:accounts_payable_to_cogs:2021:as_originally_filed,accounts_payable_to_cogs,2021,as_originally_filed,20.65,percent,derived,authoritative,pass,0000027419-22-000007,2022-03-09,2026-09-14
annual:accounts_payable_to_cogs:2021:latest_restated,accounts_payable_to_cogs,2021,latest_restated,20.65,percent,derived,authoritative,pass,0000027419-22-000007,2022-03-09,2026-09-14
annual:accounts_payable_to_cogs:2022:as_originally_filed,accounts_payable_to_cogs,2022,as_originally_filed,16.4,percent,derived,authoritative,pass,0000027419-23-000015,2023-03-08,2026-09-14
annual:accounts_payable_to_cogs:2022:latest_restated,accounts_payable_to_cogs,2022,latest_restated,16.39,percent,derived,authoritative,pass,0000027419-23-000015,2023-03-08,2026-09-14
annual:accounts_payable_to_cogs:2023:as_originally_filed,accounts_payable_to_cogs,2023,as_originally_filed,15.56,percent,derived,authoritative,pass,0000027419-24-000032,2024-03-13,2026-09-14
annual:accounts_payable_to_cogs:2023:latest_restated,accounts_payable_to_cogs,2023,latest_restated,15.54,percent,derived,authoritative,pass,0000027419-24-000032,2024-03-13,2026-09-14
annual:accounts_payable_to_cogs:2024:as_originally_filed,accounts_payable_to_cogs,2024,as_originally_filed,17.06,percent,derived,authoritative,pass,0000027419-25-000018,2025-03-12,2026-09-14
annual:accounts_payable_to_cogs:2024:latest_restated,accounts_payable_to_cogs,2024,latest_restated,17.06,percent,derived,authoritative,pass,0000027419-25-000018,2025-03-12,2026-09-14
annual:accounts_payable_to_cogs:2025:as_originally_filed,accounts_payable_to_cogs,2025,as_originally_filed,16.72,percent,derived,authoritative,pass,0000027419-26-000016,2026-03-11,2026-09-14
annual:accounts_payable_to_cogs:2025:latest_restated,accounts_payable_to_cogs,2025,latest_restated,16.72,percent,derived,authoritative,pass,0000027419-26-000016,2026-03-11,2026-09-14
annual:adjusted_net_debt_including_finance_leases:2021:as_originally_filed,adjusted_net_debt_including_finance_leases,2021,as_originally_filed,7809.0,USD_millions,derived,authoritative,pass,0000027419-22-000007,2022-03-09,2026-09-14
annual:adjusted_net_debt_including_finance_leases:2021:latest_restated,adjusted_net_debt_including_finance_leases,2021,latest_restated,7809.0,USD_millions,derived,authoritative,pass,0000027419-22-000007,2022-03-09,2026-09-14
annual:adjusted_net_debt_including_finance_leases:2022:as_originally_filed,adjusted_net_debt_including_finance_leases,2022,as_originally_filed,13910.0,USD_millions,derived,authoritative,pass,0000027419-23-000015,2023-03-08,2026-09-14
annual:adjusted_net_debt_including_finance_leases:2022:latest_restated,adjusted_net_debt_including_finance_leases,2022,latest_restated,13910.0,USD_millions,derived,authoritative,pass,0000027419-23-000015,2023-03-08,2026-09-14
annual:adjusted_net_debt_including_finance_leases:2023:as_originally_filed,adjusted_net_debt_including_finance_leases,2023,as_originally_filed,12233.0,USD_millions,derived,authoritative,pass,0000027419-24-000032,2024-03-13,2026-09-14
annual:adjusted_net_debt_including_finance_leases:2023:latest_restated,adjusted_net_debt_including_finance_leases,2023,latest_restated,12233.0,USD_millions,derived,authoritative,pass,0000027419-24-000032,2024-03-13,2026-09-14
annual:adjusted_net_debt_including_finance_leases:2024:as_originally_filed,adjusted_net_debt_including_finance_leases,2024,as_originally_filed,11178.0,USD_millions,derived,authoritative,pass,0000027419-25-000018,2025-03-12,2026-09-14
annual:adjusted_net_debt_including_finance_leases:2024:latest_restated,adjusted_net_debt_including_finance_leases,2024,latest_restated,11178.0,USD_millions,derived,authoritative,pass,0000027419-25-000018,2025-03-12,2026-09-14
annual:adjusted_net_debt_including_finance_leases:2025:as_originally_filed,adjusted_net_debt_including_finance_leases,2025,as_originally_filed,10968.0,USD_millions,derived,authoritative,pass,0000027419-26-000016,2026-03-11,2026-09-14
annual:adjusted_net_debt_including_finance_leases:2025:latest_restated,adjusted_net_debt_including_finance_leases,2025,latest_restated,10968.0,USD_millions,derived,authoritative,pass,0000027419-26-000016,2026-03-11,2026-09-14
annual:capex_intensity:2021:as_originally_filed,capex_intensity,2021,as_originally_filed,3.34,percent,derived,authoritative,pass,0000027419-22-000007,2022-03-09,2026-09-14
annual:capex_intensity:2021:latest_restated,capex_intensity,2021,latest_restated,3.34,percent,derived,authoritative,pass,0000027419-22-000007,2022-03-09,2026-09-14
annual:capex_intensity:2022:as_originally_filed,capex_intensity,2022,as_originally_filed,5.07,percent,derived,authoritative,pass,0000027419-23-000015,2023-03-08,2026-09-14
annual:capex_intensity:2022:latest_restated,capex_intensity,2022,latest_restated,5.07,percent,derived,authoritative,pass,0000027419-23-000015,2023-03-08,2026-09-14
annual:capex_intensity:2023:as_originally_filed,capex_intensity,2023,as_originally_filed,4.47,percent,derived,authoritative,pass,0000027419-24-000032,2024-03-13,2026-09-14
annual:capex_intensity:2023:latest_restated,capex_intensity,2023,latest_restated,4.47,percent,derived,authoritative,pass,0000027419-24-000032,2024-03-13,2026-09-14
annual:capex_intensity:2024:as_originally_filed,capex_intensity,2024,as_originally_filed,2.71,percent,derived,authoritative,pass,0000027419-25-000018,2025-03-12,2026-09-14
annual:capex_intensity:2024:latest_restated,capex_intensity,2024,latest_restated,2.71,percent,derived,authoritative,pass,0000027419-25-000018,2025-03-12,2026-09-14
annual:capex_intensity:2025:as_originally_filed,capex_intensity,2025,as_originally_filed,3.56,percent,derived,authoritative,pass,0000027419-26-000016,2026-03-11,2026-09-14
annual:capex_intensity:2025:latest_restated,capex_intensity,2025,latest_restated,3.56,percent,derived,authoritative,pass,0000027419-26-000016,2026-03-11,2026-09-14
annual:capital_expenditure:2021:as_originally_filed,capital_expenditure,2021,as_originally_filed,3544.0,USD_millions,direct,authoritative,pass,0000027419-22-000007,2022-03-09,2026-09-14
annual:capital_expenditure:2021:latest_restated,capital_expenditure,2021,latest_restated,3544.0,USD_millions,direct,authoritative,pass,0000027419-24-000032,2024-03-13,2026-09-14
annual:capital_expenditure:2022:as_originally_filed,capital_expenditure,2022,as_originally_filed,5528.0,USD_millions,direct,authoritative,pass,0000027419-23-000015,2023-03-08,2026-09-14
annual:capital_expenditure:2022:latest_restated,capital_expenditure,2022,latest_restated,5528.0,USD_millions,direct,authoritative,pass,0000027419-25-000018,2025-03-12,2026-09-14
annual:capital_expenditure:2023:as_originally_filed,capital_expenditure,2023,as_originally_filed,4806.0,USD_millions,direct,authoritative,pass,0000027419-24-000032,2024-03-13,2026-09-14
annual:capital_expenditure:2023:latest_restated,capital_expenditure,2023,latest_restated,4806.0,USD_millions,direct,authoritative,pass,0000027419-26-000016,2026-03-11,2026-09-14
annual:capital_expenditure:2024:as_originally_filed,capital_expenditure,2024,as_originally_filed,2891.0,USD_millions,direct,authoritative,pass,0000027419-25-000018,2025-03-12,2026-09-14
annual:capital_expenditure:2024:latest_restated,capital_expenditure,2024,latest_restated,2891.0,USD_millions,direct,authoritative,pass,0000027419-26-000016,2026-03-11,2026-09-14
annual:capital_expenditure:2025:as_originally_filed,capital_expenditure,2025,as_originally_filed,3727.0,USD_millions,direct,authoritative,pass,0000027419-26-000016,2026-03-11,2026-09-14
annual:capital_expenditure:2025:latest_restated,capital_expenditure,2025,latest_restated,3727.0,USD_millions,direct,authoritative,pass,0000027419-26-000016,2026-03-11,2026-09-14
annual:cash_and_equivalents_balance_sheet:2021:as_originally_filed,cash_and_equivalents_balance_sheet,2021,as_originally_filed,5911.0,USD_millions,direct,authoritative,pass,0000027419-22-000007,2022-03-09,2026-09-14
annual:cash_and_equivalents_balance_sheet:2021:latest_restated,cash_and_equivalents_balance_sheet,2021,latest_restated,5911.0,USD_millions,direct,authoritative,pass,0000027419-23-000015,2023-03-08,2026-09-14
annual:cash_and_equivalents_balance_sheet:2022:as_originally_filed,cash_and_equivalents_balance_sheet,2022,as_originally_filed,2229.0,USD_millions,direct,authoritative,pass,0000027419-23-000015,2023-03-08,2026-09-14
annual:cash_and_equivalents_balance_sheet:2022:latest_restated,cash_and_equivalents_balance_sheet,2022,latest_restated,2229.0,USD_millions,direct,authoritative,pass,0000027419-24-000032,2024-03-13,2026-09-14
annual:cash_and_equivalents_balance_sheet:2023:as_originally_filed,cash_and_equivalents_balance_sheet,2023,as_originally_filed,3805.0,USD_millions,direct,authoritative,pass,0000027419-24-000032,2024-03-13,2026-09-14
annual:cash_and_equivalents_balance_sheet:2023:latest_restated,cash_and_equivalents_balance_sheet,2023,latest_restated,3805.0,USD_millions,direct,authoritative,pass,0000027419-25-000018,2025-03-12,2026-09-14
annual:cash_and_equivalents_balance_sheet:2024:as_originally_filed,cash_and_equivalents_balance_sheet,2024,as_originally_filed,4762.0,USD_millions,direct,authoritative,pass,0000027419-25-000018,2025-03-12,2026-09-14
annual:cash_and_equivalents_balance_sheet:2024:latest_restated,cash_and_equivalents_balance_sheet,2024,latest_restated,4762.0,USD_millions,direct,authoritative,pass,0000027419-26-000016,2026-03-11,2026-09-14
annual:cash_and_equivalents_balance_sheet:2025:as_originally_filed,cash_and_equivalents_balance_sheet,2025,as_originally_filed,5488.0,USD_millions,direct,authoritative,pass,0000027419-26-000016,2026-03-11,2026-09-14
annual:cash_and_equivalents_balance_sheet:2025:latest_restated,cash_and_equivalents_balance_sheet,2025,latest_restated,5488.0,USD_millions,direct,authoritative,pass,0000027419-26-000016,2026-03-11,2026-09-14
annual:cash_conversion:2021:as_originally_filed,cash_conversion,2021,as_originally_filed,1.2417,ratio (x),derived,authoritative,pass,0000027419-22-000007,2022-03-09,2026-09-14
annual:cash_conversion:2021:latest_restated,cash_conversion,2021,latest_restated,1.2417,ratio (x),derived,authoritative,pass,0000027419-22-000007,2022-03-09,2026-09-14
annual:cash_conversion:2022:as_originally_filed,cash_conversion,2022,as_originally_filed,1.4453,ratio (x),derived,authoritative,pass,0000027419-23-000015,2023-03-08,2026-09-14
annual:cash_conversion:2022:latest_restated,cash_conversion,2022,latest_restated,1.4453,ratio (x),derived,authoritative,pass,0000027419-23-000015,2023-03-08,2026-09-14
annual:cash_conversion:2023:as_originally_filed,cash_conversion,2023,as_originally_filed,2.0834,ratio (x),derived,authoritative,pass,0000027419-24-000032,2024-03-13,2026-09-14
annual:cash_conversion:2023:latest_restated,cash_conversion,2023,latest_restated,2.0834,ratio (x),derived,authoritative,pass,0000027419-24-000032,2024-03-13,2026-09-14
annual:cash_conversion:2024:as_originally_filed,cash_conversion,2024,as_originally_filed,1.8008,ratio (x),derived,authoritative,pass,0000027419-25-000018,2025-03-12,2026-09-14
annual:cash_conversion:2024:latest_restated,cash_conversion,2024,latest_restated,1.8008,ratio (x),derived,authoritative,pass,0000027419-25-000018,2025-03-12,2026-09-14
annual:cash_conversion:2025:as_originally_filed,cash_conversion,2025,as_originally_filed,1.7711,ratio (x),derived,authoritative,pass,0000027419-26-000016,2026-03-11,2026-09-14
annual:cash_conversion:2025:latest_restated,cash_conversion,2025,latest_restated,1.7711,ratio (x),derived,authoritative,pass,0000027419-26-000016,2026-03-11,2026-09-14
annual:cost_of_sales:2021:as_originally_filed,cost_of_sales,2021,as_originally_filed,74963.0,USD_millions,direct,authoritative,pass,0000027419-22-000007,2022-03-09,2026-09-14
annual:cost_of_sales:2021:latest_restated,cost_of_sales,2021,latest_restated,74963.0,USD_millions,direct,authoritative,pass,0000027419-24-000032,2024-03-13,2026-09-14
annual:cost_of_sales:2022:as_originally_filed,cost_of_sales,2022,as_originally_filed,82229.0,USD_millions,direct,authoritative,pass,0000027419-23-000015,2023-03-08,2026-09-14
annual:cost_of_sales:2022:latest_restated,cost_of_sales,2022,latest_restated,82306.0,USD_millions,direct,authoritative,pass,0000027419-25-000018,2025-03-12,2026-09-14
annual:cost_of_sales:2023:as_originally_filed,cost_of_sales,2023,as_originally_filed,77736.0,USD_millions,direct,authoritative,pass,0000027419-24-000032,2024-03-13,2026-09-14
annual:cost_of_sales:2023:latest_restated,cost_of_sales,2023,latest_restated,77828.0,USD_millions,direct,authoritative,pass,0000027419-26-000016,2026-03-11,2026-09-14
annual:cost_of_sales:2024:as_originally_filed,cost_of_sales,2024,as_originally_filed,76502.0,USD_millions,direct,authoritative,pass,0000027419-25-000018,2025-03-12,2026-09-14
annual:cost_of_sales:2024:latest_restated,cost_of_sales,2024,latest_restated,76502.0,USD_millions,direct,authoritative,pass,0000027419-26-000016,2026-03-11,2026-09-14
annual:cost_of_sales:2025:as_originally_filed,cost_of_sales,2025,as_originally_filed,75511.0,USD_millions,direct,authoritative,pass,0000027419-26-000016,2026-03-11,2026-09-14
annual:cost_of_sales:2025:latest_restated,cost_of_sales,2025,latest_restated,75511.0,USD_millions,direct,authoritative,pass,0000027419-26-000016,2026-03-11,2026-09-14
annual:debt_fair_value_hedge_adjustment:2021:as_originally_filed,debt_fair_value_hedge_adjustment,2021,as_originally_filed,77.0,USD_millions,direct,authoritative,pass,0000027419-22-000007,2022-03-09,2026-09-14
annual:debt_fair_value_hedge_adjustment:2021:latest_restated,debt_fair_value_hedge_adjustment,2021,latest_restated,77.0,USD_millions,direct,authoritative,pass,0000027419-23-000015,2023-03-08,2026-09-14
annual:debt_fair_value_hedge_adjustment:2022:as_originally_filed,debt_fair_value_hedge_adjustment,2022,as_originally_filed,-74.0,USD_millions,direct,authoritative,pass,0000027419-23-000015,2023-03-08,2026-09-14
annual:debt_fair_value_hedge_adjustment:2022:latest_restated,debt_fair_value_hedge_adjustment,2022,latest_restated,-74.0,USD_millions,direct,authoritative,pass,0000027419-24-000032,2024-03-13,2026-09-14
annual:debt_fair_value_hedge_adjustment:2023:as_originally_filed,debt_fair_value_hedge_adjustment,2023,as_originally_filed,-126.0,USD_millions,direct,authoritative,pass,0000027419-24-000032,2024-03-13,2026-09-14
annual:debt_fair_value_hedge_adjustment:2023:latest_restated,debt_fair_value_hedge_adjustment,2023,latest_restated,-126.0,USD_millions,direct,authoritative,pass,0000027419-25-000018,2025-03-12,2026-09-14
annual:debt_fair_value_hedge_adjustment:2024:as_originally_filed,debt_fair_value_hedge_adjustment,2024,as_originally_filed,-125.0,USD_millions,direct,authoritative,pass,0000027419-25-000018,2025-03-12,2026-09-14
annual:debt_fair_value_hedge_adjustment:2024:latest_restated,debt_fair_value_hedge_adjustment,2024,latest_restated,-125.0,USD_millions,direct,authoritative,pass,0000027419-26-000016,2026-03-11,2026-09-14
annual:debt_fair_value_hedge_adjustment:2025:as_originally_filed,debt_fair_value_hedge_adjustment,2025,as_originally_filed,-55.0,USD_millions,direct,authoritative,pass,0000027419-26-000016,2026-03-11,2026-09-14
annual:debt_fair_value_hedge_adjustment:2025:latest_restated,debt_fair_value_hedge_adjustment,2025,latest_restated,-55.0,USD_millions,direct,authoritative,pass,0000027419-26-000016,2026-03-11,2026-09-14
annual:debt_principal_schedule:2021:as_originally_filed,debt_principal_schedule,2021,as_originally_filed,11568.0,USD_millions,direct,authoritative,pass,0000027419-22-000007,2022-03-09,2026-09-14
annual:debt_principal_schedule:2021:latest_restated,debt_principal_schedule,2021,latest_restated,11568.0,USD_millions,direct,authoritative,pass,0000027419-23-000015,2023-03-08,2026-09-14
annual:debt_principal_schedule:2022:as_originally_filed,debt_principal_schedule,2022,as_originally_filed,14141.0,USD_millions,direct,authoritative,pass,0000027419-23-000015,2023-03-08,2026-09-14
annual:debt_principal_schedule:2022:latest_restated,debt_principal_schedule,2022,latest_restated,14141.0,USD_millions,direct,authoritative,pass,0000027419-24-000032,2024-03-13,2026-09-14
annual:debt_principal_schedule:2023:as_originally_filed,debt_principal_schedule,2023,as_originally_filed,14151.0,USD_millions,direct,authoritative,pass,0000027419-24-000032,2024-03-13,2026-09-14
annual:debt_principal_schedule:2023:latest_restated,debt_principal_schedule,2023,latest_restated,14151.0,USD_millions,direct,authoritative,pass,0000027419-25-000018,2025-03-12,2026-09-14
annual:debt_principal_schedule:2024:as_originally_filed,debt_principal_schedule,2024,as_originally_filed,13904.0,USD_millions,direct,authoritative,pass,0000027419-25-000018,2025-03-12,2026-09-14
annual:debt_principal_schedule:2024:latest_restated,debt_principal_schedule,2024,latest_restated,13904.0,USD_millions,direct,authoritative,pass,0000027419-26-000016,2026-03-11,2026-09-14
annual:debt_principal_schedule:2025:as_originally_filed,debt_principal_schedule,2025,as_originally_filed,14398.0,USD_millions,direct,authoritative,pass,0000027419-26-000016,2026-03-11,2026-09-14
annual:debt_principal_schedule:2025:latest_restated,debt_principal_schedule,2025,latest_restated,14398.0,USD_millions,direct,authoritative,pass,0000027419-26-000016,2026-03-11,2026-09-14
annual:debt_proceeds:2021:as_originally_filed,debt_proceeds,2021,as_originally_filed,1972.0,USD_millions,direct,authoritative,pass,0000027419-22-000007,2022-03-09,2026-09-14
annual:debt_proceeds:2021:latest_restated,debt_proceeds,2021,latest_restated,1972.0,USD_millions,direct,authoritative,pass,0000027419-24-000032,2024-03-13,2026-09-14
annual:debt_proceeds:2022:as_originally_filed,debt_proceeds,2022,as_originally_filed,2625.0,USD_millions,direct,authoritative,pass,0000027419-23-000015,2023-03-08,2026-09-14
annual:debt_proceeds:2022:latest_restated,debt_proceeds,2022,latest_restated,2625.0,USD_millions,direct,authoritative,pass,0000027419-25-000018,2025-03-12,2026-09-14
annual:debt_proceeds:2023:as_originally_filed,debt_proceeds,2023,as_originally_filed,0.0,USD_millions,direct,authoritative,pass,0000027419-24-000032,2024-03-13,2026-09-14
annual:debt_proceeds:2023:latest_restated,debt_proceeds,2023,latest_restated,0.0,USD_millions,direct,authoritative,pass,0000027419-26-000016,2026-03-11,2026-09-14
annual:debt_proceeds:2024:as_originally_filed,debt_proceeds,2024,as_originally_filed,741.0,USD_millions,direct,authoritative,pass,0000027419-25-000018,2025-03-12,2026-09-14
annual:debt_proceeds:2024:latest_restated,debt_proceeds,2024,latest_restated,741.0,USD_millions,direct,authoritative,pass,0000027419-26-000016,2026-03-11,2026-09-14
annual:debt_proceeds:2025:as_originally_filed,debt_proceeds,2025,as_originally_filed,1984.0,USD_millions,direct,authoritative,pass,0000027419-26-000016,2026-03-11,2026-09-14
annual:debt_proceeds:2025:latest_restated,debt_proceeds,2025,latest_restated,1984.0,USD_millions,direct,authoritative,pass,0000027419-26-000016,2026-03-11,2026-09-14
annual:debt_repayments:2021:as_originally_filed,debt_repayments,2021,as_originally_filed,1147.0,USD_millions,direct,authoritative,pass,0000027419-22-000007,2022-03-09,2026-09-14
annual:debt_repayments:2021:latest_restated,debt_repayments,2021,latest_restated,1147.0,USD_millions,direct,authoritative,pass,0000027419-24-000032,2024-03-13,2026-09-14
annual:debt_repayments:2022:as_originally_filed,debt_repayments,2022,as_originally_filed,163.0,USD_millions,direct,authoritative,pass,0000027419-23-000015,2023-03-08,2026-09-14
annual:debt_repayments:2022:latest_restated,debt_repayments,2022,latest_restated,163.0,USD_millions,direct,authoritative,pass,0000027419-25-000018,2025-03-12,2026-09-14
annual:debt_repayments:2023:as_originally_filed,debt_repayments,2023,as_originally_filed,147.0,USD_millions,direct,authoritative,pass,0000027419-24-000032,2024-03-13,2026-09-14
annual:debt_repayments:2023:latest_restated,debt_repayments,2023,latest_restated,147.0,USD_millions,direct,authoritative,pass,0000027419-26-000016,2026-03-11,2026-09-14
annual:debt_repayments:2024:as_originally_filed,debt_repayments,2024,as_originally_filed,1139.0,USD_millions,direct,authoritative,pass,0000027419-25-000018,2025-03-12,2026-09-14
annual:debt_repayments:2024:latest_restated,debt_repayments,2024,latest_restated,1139.0,USD_millions,direct,authoritative,pass,0000027419-26-000016,2026-03-11,2026-09-14
annual:debt_repayments:2025:as_originally_filed,debt_repayments,2025,as_originally_filed,1643.0,USD_millions,direct,authoritative,pass,0000027419-26-000016,2026-03-11,2026-09-14
annual:debt_repayments:2025:latest_restated,debt_repayments,2025,latest_restated,1643.0,USD_millions,direct,authoritative,pass,0000027419-26-000016,2026-03-11,2026-09-14
annual:debt_to_cfo:2021:as_originally_filed,debt_to_cfo,2021,as_originally_filed,1.3501,ratio (x),derived,authoritative,pass,0000027419-22-000007,2022-03-09,2026-09-14
annual:debt_to_cfo:2021:latest_restated,debt_to_cfo,2021,latest_restated,1.3501,ratio (x),derived,authoritative,pass,0000027419-22-000007,2022-03-09,2026-09-14
annual:debt_to_cfo:2022:as_originally_filed,debt_to_cfo,2022,as_originally_filed,3.501,ratio (x),derived,authoritative,pass,0000027419-23-000015,2023-03-08,2026-09-14
annual:debt_to_cfo:2022:latest_restated,debt_to_cfo,2022,latest_restated,3.501,ratio (x),derived,authoritative,pass,0000027419-23-000015,2023-03-08,2026-09-14
annual:debt_to_cfo:2023:as_originally_filed,debt_to_cfo,2023,as_originally_filed,1.6268,ratio (x),derived,authoritative,pass,0000027419-24-000032,2024-03-13,2026-09-14
annual:debt_to_cfo:2023:latest_restated,debt_to_cfo,2023,latest_restated,1.6268,ratio (x),derived,authoritative,pass,0000027419-24-000032,2024-03-13,2026-09-14
annual:debt_to_cfo:2024:as_originally_filed,debt_to_cfo,2024,as_originally_filed,1.8704,ratio (x),derived,authoritative,pass,0000027419-25-000018,2025-03-12,2026-09-14
annual:debt_to_cfo:2024:latest_restated,debt_to_cfo,2024,latest_restated,1.8704,ratio (x),derived,authoritative,pass,0000027419-25-000018,2025-03-12,2026-09-14
annual:debt_to_cfo:2025:as_originally_filed,debt_to_cfo,2025,as_originally_filed,2.1858,ratio (x),derived,authoritative,pass,0000027419-26-000016,2026-03-11,2026-09-14
annual:debt_to_cfo:2025:latest_restated,debt_to_cfo,2025,latest_restated,2.1858,ratio (x),derived,authoritative,pass,0000027419-26-000016,2026-03-11,2026-09-14
annual:depreciation_amortization_opex:2021:as_originally_filed,depreciation_amortization_opex,2021,as_originally_filed,2344.0,USD_millions,direct,authoritative,pass,0000027419-22-000007,2022-03-09,2026-09-14
annual:depreciation_amortization_opex:2021:latest_restated,depreciation_amortization_opex,2021,latest_restated,2344.0,USD_millions,direct,authoritative,pass,0000027419-24-000032,2024-03-13,2026-09-14
annual:depreciation_amortization_opex:2022:as_originally_filed,depreciation_amortization_opex,2022,as_originally_filed,2385.0,USD_millions,direct,authoritative,pass,0000027419-23-000015,2023-03-08,2026-09-14
annual:depreciation_amortization_opex:2022:latest_restated,depreciation_amortization_opex,2022,latest_restated,2385.0,USD_millions,direct,authoritative,pass,0000027419-25-000018,2025-03-12,2026-09-14
annual:depreciation_amortization_opex:2023:as_originally_filed,depreciation_amortization_opex,2023,as_originally_filed,2415.0,USD_millions,direct,authoritative,pass,0000027419-24-000032,2024-03-13,2026-09-14
annual:depreciation_amortization_opex:2023:latest_restated,depreciation_amortization_opex,2023,latest_restated,2415.0,USD_millions,direct,authoritative,pass,0000027419-26-000016,2026-03-11,2026-09-14
annual:depreciation_amortization_opex:2024:as_originally_filed,depreciation_amortization_opex,2024,as_originally_filed,2529.0,USD_millions,direct,authoritative,pass,0000027419-25-000018,2025-03-12,2026-09-14
annual:depreciation_amortization_opex:2024:latest_restated,depreciation_amortization_opex,2024,latest_restated,2529.0,USD_millions,direct,authoritative,pass,0000027419-26-000016,2026-03-11,2026-09-14
annual:depreciation_amortization_opex:2025:as_originally_filed,depreciation_amortization_opex,2025,as_originally_filed,2617.0,USD_millions,direct,authoritative,pass,0000027419-26-000016,2026-03-11,2026-09-14
annual:depreciation_amortization_opex:2025:latest_restated,depreciation_amortization_opex,2025,latest_restated,2617.0,USD_millions,direct,authoritative,pass,0000027419-26-000016,2026-03-11,2026-09-14
annual:diluted_eps:2021:as_originally_filed,diluted_eps,2021,as_originally_filed,14.1,USD,direct,authoritative,pass,0000027419-22-000007,2022-03-09,2026-09-14
annual:diluted_eps:2021:latest_restated,diluted_eps,2021,latest_restated,14.1,USD,direct,authoritative,pass,0000027419-24-000032,2024-03-13,2026-09-14
annual:diluted_eps:2022:as_originally_filed,diluted_eps,2022,as_originally_filed,5.98,USD,direct,authoritative,pass,0000027419-23-000015,2023-03-08,2026-09-14
annual:diluted_eps:2022:latest_restated,diluted_eps,2022,latest_restated,5.98,USD,direct,authoritative,pass,0000027419-25-000018,2025-03-12,2026-09-14
annual:diluted_eps:2023:as_originally_filed,diluted_eps,2023,as_originally_filed,8.94,USD,direct,authoritative,pass,0000027419-24-000032,2024-03-13,2026-09-14
annual:diluted_eps:2023:latest_restated,diluted_eps,2023,latest_restated,8.94,USD,direct,authoritative,pass,0000027419-26-000016,2026-03-11,2026-09-14
annual:diluted_eps:2024:as_originally_filed,diluted_eps,2024,as_originally_filed,8.86,USD,direct,authoritative,pass,0000027419-25-000018,2025-03-12,2026-09-14
annual:diluted_eps:2024:latest_restated,diluted_eps,2024,latest_restated,8.86,USD,direct,authoritative,pass,0000027419-26-000016,2026-03-11,2026-09-14
annual:diluted_eps:2025:as_originally_filed,diluted_eps,2025,as_originally_filed,8.13,USD,direct,authoritative,pass,0000027419-26-000016,2026-03-11,2026-09-14
annual:diluted_eps:2025:latest_restated,diluted_eps,2025,latest_restated,8.13,USD,direct,authoritative,pass,0000027419-26-000016,2026-03-11,2026-09-14
annual:diluted_shares:2021:as_originally_filed,diluted_shares,2021,as_originally_filed,492.7,USD_millions,direct,authoritative,pass,0000027419-22-000007,2022-03-09,2026-09-14
annual:diluted_shares:2021:latest_restated,diluted_shares,2021,latest_restated,492.7,USD_millions,direct,authoritative,pass,0000027419-24-000032,2024-03-13,2026-09-14
annual:diluted_shares:2022:as_originally_filed,diluted_shares,2022,as_originally_filed,464.7,USD_millions,direct,authoritative,pass,0000027419-23-000015,2023-03-08,2026-09-14
annual:diluted_shares:2022:latest_restated,diluted_shares,2022,latest_restated,464.7,USD_millions,direct,authoritative,pass,0000027419-25-000018,2025-03-12,2026-09-14
annual:diluted_shares:2023:as_originally_filed,diluted_shares,2023,as_originally_filed,462.8,USD_millions,direct,authoritative,pass,0000027419-24-000032,2024-03-13,2026-09-14
annual:diluted_shares:2023:latest_restated,diluted_shares,2023,latest_restated,462.8,USD_millions,direct,authoritative,pass,0000027419-26-000016,2026-03-11,2026-09-14
annual:diluted_shares:2024:as_originally_filed,diluted_shares,2024,as_originally_filed,461.8,USD_millions,direct,authoritative,pass,0000027419-25-000018,2025-03-12,2026-09-14
annual:diluted_shares:2024:latest_restated,diluted_shares,2024,latest_restated,461.8,USD_millions,direct,authoritative,pass,0000027419-26-000016,2026-03-11,2026-09-14
annual:diluted_shares:2025:as_originally_filed,diluted_shares,2025,as_originally_filed,455.6,USD_millions,direct,authoritative,pass,0000027419-26-000016,2026-03-11,2026-09-14
annual:diluted_shares:2025:latest_restated,diluted_shares,2025,latest_restated,455.6,USD_millions,direct,authoritative,pass,0000027419-26-000016,2026-03-11,2026-09-14
annual:dividends_paid:2021:as_originally_filed,dividends_paid,2021,as_originally_filed,1548.0,USD_millions,direct,authoritative,pass,0000027419-22-000007,2022-03-09,2026-09-14
annual:dividends_paid:2021:latest_restated,dividends_paid,2021,latest_restated,1548.0,USD_millions,direct,authoritative,pass,0000027419-24-000032,2024-03-13,2026-09-14
annual:dividends_paid:2022:as_originally_filed,dividends_paid,2022,as_originally_filed,1836.0,USD_millions,direct,authoritative,pass,0000027419-23-000015,2023-03-08,2026-09-14
annual:dividends_paid:2022:latest_restated,dividends_paid,2022,latest_restated,1836.0,USD_millions,direct,authoritative,pass,0000027419-25-000018,2025-03-12,2026-09-14
annual:dividends_paid:2023:as_originally_filed,dividends_paid,2023,as_originally_filed,2011.0,USD_millions,direct,authoritative,pass,0000027419-24-000032,2024-03-13,2026-09-14
annual:dividends_paid:2023:latest_restated,dividends_paid,2023,latest_restated,2011.0,USD_millions,direct,authoritative,pass,0000027419-26-000016,2026-03-11,2026-09-14
annual:dividends_paid:2024:as_originally_filed,dividends_paid,2024,as_originally_filed,2046.0,USD_millions,direct,authoritative,pass,0000027419-25-000018,2025-03-12,2026-09-14
annual:dividends_paid:2024:latest_restated,dividends_paid,2024,latest_restated,2046.0,USD_millions,direct,authoritative,pass,0000027419-26-000016,2026-03-11,2026-09-14
annual:dividends_paid:2025:as_originally_filed,dividends_paid,2025,as_originally_filed,2053.0,USD_millions,direct,authoritative,pass,0000027419-26-000016,2026-03-11,2026-09-14
annual:dividends_paid:2025:latest_restated,dividends_paid,2025,latest_restated,2053.0,USD_millions,direct,authoritative,pass,0000027419-26-000016,2026-03-11,2026-09-14
annual:effective_tax_rate:2021:as_originally_filed,effective_tax_rate,2021,as_originally_filed,22.02,percent,derived,authoritative,pass,0000027419-22-000007,2022-03-09,2026-09-14
annual:effective_tax_rate:2021:latest_restated,effective_tax_rate,2021,latest_restated,22.02,percent,derived,authoritative,pass,0000027419-22-000007,2022-03-09,2026-09-14
annual:effective_tax_rate:2022:as_originally_filed,effective_tax_rate,2022,as_originally_filed,18.67,percent,derived,authoritative,pass,0000027419-23-000015,2023-03-08,2026-09-14
annual:effective_tax_rate:2022:latest_restated,effective_tax_rate,2022,latest_restated,18.67,percent,derived,authoritative,pass,0000027419-23-000015,2023-03-08,2026-09-14
annual:effective_tax_rate:2023:as_originally_filed,effective_tax_rate,2023,as_originally_filed,21.88,percent,derived,authoritative,pass,0000027419-24-000032,2024-03-13,2026-09-14
annual:effective_tax_rate:2023:latest_restated,effective_tax_rate,2023,latest_restated,21.88,percent,derived,authoritative,pass,0000027419-24-000032,2024-03-13,2026-09-14
annual:effective_tax_rate:2024:as_originally_filed,effective_tax_rate,2024,as_originally_filed,22.24,percent,derived,authoritative,pass,0000027419-25-000018,2025-03-12,2026-09-14
annual:effective_tax_rate:2024:latest_restated,effective_tax_rate,2024,latest_restated,22.24,percent,derived,authoritative,pass,0000027419-25-000018,2025-03-12,2026-09-14
annual:effective_tax_rate:2025:as_originally_filed,effective_tax_rate,2025,as_originally_filed,22.28,percent,derived,authoritative,pass,0000027419-26-000016,2026-03-11,2026-09-14
annual:effective_tax_rate:2025:latest_restated,effective_tax_rate,2025,latest_restated,22.28,percent,derived,authoritative,pass,0000027419-26-000016,2026-03-11,2026-09-14
annual:fcf_margin:2021:as_originally_filed,fcf_margin,2021,as_originally_filed,4.79,percent,derived,authoritative,pass,0000027419-22-000007,2022-03-09,2026-09-14
annual:fcf_margin:2021:latest_restated,fcf_margin,2021,latest_restated,4.79,percent,derived,authoritative,pass,0000027419-22-000007,2022-03-09,2026-09-14
annual:fcf_margin:2022:as_originally_filed,fcf_margin,2022,as_originally_filed,-1.38,percent,derived,authoritative,pass,0000027419-23-000015,2023-03-08,2026-09-14
annual:fcf_margin:2022:latest_restated,fcf_margin,2022,latest_restated,-1.38,percent,derived,authoritative,pass,0000027419-23-000015,2023-03-08,2026-09-14
annual:fcf_margin:2023:as_originally_filed,fcf_margin,2023,as_originally_filed,3.55,percent,derived,authoritative,pass,0000027419-24-000032,2024-03-13,2026-09-14
annual:fcf_margin:2023:latest_restated,fcf_margin,2023,latest_restated,3.55,percent,derived,authoritative,pass,0000027419-24-000032,2024-03-13,2026-09-14
annual:fcf_margin:2024:as_originally_filed,fcf_margin,2024,as_originally_filed,4.2,percent,derived,authoritative,pass,0000027419-25-000018,2025-03-12,2026-09-14
annual:fcf_margin:2024:latest_restated,fcf_margin,2024,latest_restated,4.2,percent,derived,authoritative,pass,0000027419-25-000018,2025-03-12,2026-09-14
annual:fcf_margin:2025:as_originally_filed,fcf_margin,2025,as_originally_filed,2.71,percent,derived,authoritative,pass,0000027419-26-000016,2026-03-11,2026-09-14
annual:fcf_margin:2025:latest_restated,fcf_margin,2025,latest_restated,2.71,percent,derived,authoritative,pass,0000027419-26-000016,2026-03-11,2026-09-14
annual:finance_lease_liabilities:2021:as_originally_filed,finance_lease_liabilities,2021,as_originally_filed,2075.0,USD_millions,derived,authoritative,pass,0000027419-22-000007,2022-03-09,2026-09-14
annual:finance_lease_liabilities:2021:latest_restated,finance_lease_liabilities,2021,latest_restated,2075.0,USD_millions,derived,authoritative,pass,0000027419-22-000007,2022-03-09,2026-09-14
annual:finance_lease_liabilities:2022:as_originally_filed,finance_lease_liabilities,2022,as_originally_filed,2072.0,USD_millions,derived,authoritative,pass,0000027419-23-000015,2023-03-08,2026-09-14
annual:finance_lease_liabilities:2022:latest_restated,finance_lease_liabilities,2022,latest_restated,2072.0,USD_millions,derived,authoritative,pass,0000027419-23-000015,2023-03-08,2026-09-14
annual:finance_lease_liabilities:2023:as_originally_filed,finance_lease_liabilities,2023,as_originally_filed,2013.0,USD_millions,derived,authoritative,pass,0000027419-24-000032,2024-03-13,2026-09-14
annual:finance_lease_liabilities:2023:latest_restated,finance_lease_liabilities,2023,latest_restated,2013.0,USD_millions,derived,authoritative,pass,0000027419-24-000032,2024-03-13,2026-09-14
annual:finance_lease_liabilities:2024:as_originally_filed,finance_lease_liabilities,2024,as_originally_filed,2161.0,USD_millions,derived,authoritative,pass,0000027419-25-000018,2025-03-12,2026-09-14
annual:finance_lease_liabilities:2024:latest_restated,finance_lease_liabilities,2024,latest_restated,2161.0,USD_millions,derived,authoritative,pass,0000027419-25-000018,2025-03-12,2026-09-14
annual:finance_lease_liabilities:2025:as_originally_filed,finance_lease_liabilities,2025,as_originally_filed,2113.0,USD_millions,derived,authoritative,pass,0000027419-26-000016,2026-03-11,2026-09-14
annual:finance_lease_liabilities:2025:latest_restated,finance_lease_liabilities,2025,latest_restated,2113.0,USD_millions,derived,authoritative,pass,0000027419-26-000016,2026-03-11,2026-09-14
annual:finance_lease_liability_current:2021:as_originally_filed,finance_lease_liability_current,2021,as_originally_filed,108.0,USD_millions,direct,authoritative,pass,0000027419-22-000007,2022-03-09,2026-09-14
annual:finance_lease_liability_current:2021:latest_restated,finance_lease_liability_current,2021,latest_restated,108.0,USD_millions,direct,authoritative,pass,0000027419-23-000015,2023-03-08,2026-09-14
annual:finance_lease_liability_current:2022:as_originally_filed,finance_lease_liability_current,2022,as_originally_filed,129.0,USD_millions,direct,authoritative,pass,0000027419-23-000015,2023-03-08,2026-09-14
annual:finance_lease_liability_current:2022:latest_restated,finance_lease_liability_current,2022,latest_restated,129.0,USD_millions,direct,authoritative,pass,0000027419-24-000032,2024-03-13,2026-09-14
annual:finance_lease_liability_current:2023:as_originally_filed,finance_lease_liability_current,2023,as_originally_filed,119.0,USD_millions,direct,authoritative,pass,0000027419-24-000032,2024-03-13,2026-09-14
annual:finance_lease_liability_current:2023:latest_restated,finance_lease_liability_current,2023,latest_restated,119.0,USD_millions,direct,authoritative,pass,0000027419-25-000018,2025-03-12,2026-09-14
annual:finance_lease_liability_current:2024:as_originally_filed,finance_lease_liability_current,2024,as_originally_filed,136.0,USD_millions,direct,authoritative,pass,0000027419-25-000018,2025-03-12,2026-09-14
annual:finance_lease_liability_current:2024:latest_restated,finance_lease_liability_current,2024,latest_restated,136.0,USD_millions,direct,authoritative,pass,0000027419-26-000016,2026-03-11,2026-09-14
annual:finance_lease_liability_current:2025:as_originally_filed,finance_lease_liability_current,2025,as_originally_filed,131.0,USD_millions,direct,authoritative,pass,0000027419-26-000016,2026-03-11,2026-09-14
annual:finance_lease_liability_current:2025:latest_restated,finance_lease_liability_current,2025,latest_restated,131.0,USD_millions,direct,authoritative,pass,0000027419-26-000016,2026-03-11,2026-09-14
annual:finance_lease_liability_noncurrent:2021:as_originally_filed,finance_lease_liability_noncurrent,2021,as_originally_filed,1967.0,USD_millions,direct,authoritative,pass,0000027419-22-000007,2022-03-09,2026-09-14
annual:finance_lease_liability_noncurrent:2021:latest_restated,finance_lease_liability_noncurrent,2021,latest_restated,1967.0,USD_millions,direct,authoritative,pass,0000027419-23-000015,2023-03-08,2026-09-14
annual:finance_lease_liability_noncurrent:2022:as_originally_filed,finance_lease_liability_noncurrent,2022,as_originally_filed,1943.0,USD_millions,direct,authoritative,pass,0000027419-23-000015,2023-03-08,2026-09-14
annual:finance_lease_liability_noncurrent:2022:latest_restated,finance_lease_liability_noncurrent,2022,latest_restated,1943.0,USD_millions,direct,authoritative,pass,0000027419-24-000032,2024-03-13,2026-09-14
annual:finance_lease_liability_noncurrent:2023:as_originally_filed,finance_lease_liability_noncurrent,2023,as_originally_filed,1894.0,USD_millions,direct,authoritative,pass,0000027419-24-000032,2024-03-13,2026-09-14
annual:finance_lease_liability_noncurrent:2023:latest_restated,finance_lease_liability_noncurrent,2023,latest_restated,1894.0,USD_millions,direct,authoritative,pass,0000027419-25-000018,2025-03-12,2026-09-14
annual:finance_lease_liability_noncurrent:2024:as_originally_filed,finance_lease_liability_noncurrent,2024,as_originally_filed,2025.0,USD_millions,direct,authoritative,pass,0000027419-25-000018,2025-03-12,2026-09-14
annual:finance_lease_liability_noncurrent:2024:latest_restated,finance_lease_liability_noncurrent,2024,latest_restated,2025.0,USD_millions,direct,authoritative,pass,0000027419-26-000016,2026-03-11,2026-09-14
annual:finance_lease_liability_noncurrent:2025:as_originally_filed,finance_lease_liability_noncurrent,2025,as_originally_filed,1982.0,USD_millions,direct,authoritative,pass,0000027419-26-000016,2026-03-11,2026-09-14
annual:finance_lease_liability_noncurrent:2025:latest_restated,finance_lease_liability_noncurrent,2025,latest_restated,1982.0,USD_millions,direct,authoritative,pass,0000027419-26-000016,2026-03-11,2026-09-14
annual:financing_cash_flow:2021:as_originally_filed,financing_cash_flow,2021,as_originally_filed,-8071.0,USD_millions,direct,authoritative,pass,0000027419-22-000007,2022-03-09,2026-09-14
annual:financing_cash_flow:2021:latest_restated,financing_cash_flow,2021,latest_restated,-8071.0,USD_millions,direct,authoritative,pass,0000027419-24-000032,2024-03-13,2026-09-14
annual:financing_cash_flow:2022:as_originally_filed,financing_cash_flow,2022,as_originally_filed,-2196.0,USD_millions,direct,authoritative,pass,0000027419-23-000015,2023-03-08,2026-09-14
annual:financing_cash_flow:2022:latest_restated,financing_cash_flow,2022,latest_restated,-2196.0,USD_millions,direct,authoritative,pass,0000027419-25-000018,2025-03-12,2026-09-14
annual:financing_cash_flow:2023:as_originally_filed,financing_cash_flow,2023,as_originally_filed,-2285.0,USD_millions,direct,authoritative,pass,0000027419-24-000032,2024-03-13,2026-09-14
annual:financing_cash_flow:2023:latest_restated,financing_cash_flow,2023,latest_restated,-2285.0,USD_millions,direct,authoritative,pass,0000027419-26-000016,2026-03-11,2026-09-14
annual:financing_cash_flow:2024:as_originally_filed,financing_cash_flow,2024,as_originally_filed,-3550.0,USD_millions,direct,authoritative,pass,0000027419-25-000018,2025-03-12,2026-09-14
annual:financing_cash_flow:2024:latest_restated,financing_cash_flow,2024,latest_restated,-3550.0,USD_millions,direct,authoritative,pass,0000027419-26-000016,2026-03-11,2026-09-14
annual:financing_cash_flow:2025:as_originally_filed,financing_cash_flow,2025,as_originally_filed,-2187.0,USD_millions,direct,authoritative,pass,0000027419-26-000016,2026-03-11,2026-09-14
annual:financing_cash_flow:2025:latest_restated,financing_cash_flow,2025,latest_restated,-2187.0,USD_millions,direct,authoritative,pass,0000027419-26-000016,2026-03-11,2026-09-14
annual:free_cash_flow:2021:as_originally_filed,free_cash_flow,2021,as_originally_filed,5081.0,USD_millions,derived,authoritative,pass,0000027419-22-000007,2022-03-09,2026-09-14
annual:free_cash_flow:2021:latest_restated,free_cash_flow,2021,latest_restated,5081.0,USD_millions,derived,authoritative,pass,0000027419-22-000007,2022-03-09,2026-09-14
annual:free_cash_flow:2022:as_originally_filed,free_cash_flow,2022,as_originally_filed,-1510.0,USD_millions,derived,authoritative,pass,0000027419-23-000015,2023-03-08,2026-09-14
annual:free_cash_flow:2022:latest_restated,free_cash_flow,2022,latest_restated,-1510.0,USD_millions,derived,authoritative,pass,0000027419-23-000015,2023-03-08,2026-09-14
annual:free_cash_flow:2023:as_originally_filed,free_cash_flow,2023,as_originally_filed,3815.0,USD_millions,derived,authoritative,pass,0000027419-24-000032,2024-03-13,2026-09-14
annual:free_cash_flow:2023:latest_restated,free_cash_flow,2023,latest_restated,3815.0,USD_millions,derived,authoritative,pass,0000027419-24-000032,2024-03-13,2026-09-14
annual:free_cash_flow:2024:as_originally_filed,free_cash_flow,2024,as_originally_filed,4476.0,USD_millions,derived,authoritative,pass,0000027419-25-000018,2025-03-12,2026-09-14
annual:free_cash_flow:2024:latest_restated,free_cash_flow,2024,latest_restated,4476.0,USD_millions,derived,authoritative,pass,0000027419-25-000018,2025-03-12,2026-09-14
annual:free_cash_flow:2025:as_originally_filed,free_cash_flow,2025,as_originally_filed,2835.0,USD_millions,derived,authoritative,pass,0000027419-26-000016,2026-03-11,2026-09-14
annual:free_cash_flow:2025:latest_restated,free_cash_flow,2025,latest_restated,2835.0,USD_millions,derived,authoritative,pass,0000027419-26-000016,2026-03-11,2026-09-14
annual:gross_margin:2021:as_originally_filed,gross_margin,2021,as_originally_filed,29.28,percent,derived,authoritative,pass,0000027419-22-000007,2022-03-09,2026-09-14
annual:gross_margin:2021:latest_restated,gross_margin,2021,latest_restated,29.28,percent,derived,authoritative,pass,0000027419-22-000007,2022-03-09,2026-09-14
annual:gross_margin:2022:as_originally_filed,gross_margin,2022,as_originally_filed,24.64,percent,derived,authoritative,pass,0000027419-23-000015,2023-03-08,2026-09-14
annual:gross_margin:2022:latest_restated,gross_margin,2022,latest_restated,24.57,percent,derived,authoritative,pass,0000027419-23-000015,2023-03-08,2026-09-14
annual:gross_margin:2023:as_originally_filed,gross_margin,2023,as_originally_filed,27.63,percent,derived,authoritative,pass,0000027419-24-000032,2024-03-13,2026-09-14
annual:gross_margin:2023:latest_restated,gross_margin,2023,latest_restated,27.54,percent,derived,authoritative,pass,0000027419-24-000032,2024-03-13,2026-09-14
annual:gross_margin:2024:as_originally_filed,gross_margin,2024,as_originally_filed,28.21,percent,derived,authoritative,pass,0000027419-25-000018,2025-03-12,2026-09-14
annual:gross_margin:2024:latest_restated,gross_margin,2024,latest_restated,28.21,percent,derived,authoritative,pass,0000027419-25-000018,2025-03-12,2026-09-14
annual:gross_margin:2025:as_originally_filed,gross_margin,2025,as_originally_filed,27.93,percent,derived,authoritative,pass,0000027419-26-000016,2026-03-11,2026-09-14
annual:gross_margin:2025:latest_restated,gross_margin,2025,latest_restated,27.93,percent,derived,authoritative,pass,0000027419-26-000016,2026-03-11,2026-09-14
annual:gross_profit:2021:as_originally_filed,gross_profit,2021,as_originally_filed,31042.0,USD_millions,derived,authoritative,pass,0000027419-22-000007,2022-03-09,2026-09-14
annual:gross_profit:2021:latest_restated,gross_profit,2021,latest_restated,31042.0,USD_millions,derived,authoritative,pass,0000027419-22-000007,2022-03-09,2026-09-14
annual:gross_profit:2022:as_originally_filed,gross_profit,2022,as_originally_filed,26891.0,USD_millions,derived,authoritative,pass,0000027419-23-000015,2023-03-08,2026-09-14
annual:gross_profit:2022:latest_restated,gross_profit,2022,latest_restated,26814.0,USD_millions,derived,authoritative,pass,0000027419-23-000015,2023-03-08,2026-09-14
annual:gross_profit:2023:as_originally_filed,gross_profit,2023,as_originally_filed,29676.0,USD_millions,derived,authoritative,pass,0000027419-24-000032,2024-03-13,2026-09-14
annual:gross_profit:2023:latest_restated,gross_profit,2023,latest_restated,29584.0,USD_millions,derived,authoritative,pass,0000027419-24-000032,2024-03-13,2026-09-14
annual:gross_profit:2024:as_originally_filed,gross_profit,2024,as_originally_filed,30064.0,USD_millions,derived,authoritative,pass,0000027419-25-000018,2025-03-12,2026-09-14
annual:gross_profit:2024:latest_restated,gross_profit,2024,latest_restated,30064.0,USD_millions,derived,authoritative,pass,0000027419-25-000018,2025-03-12,2026-09-14
annual:gross_profit:2025:as_originally_filed,gross_profit,2025,as_originally_filed,29269.0,USD_millions,derived,authoritative,pass,0000027419-26-000016,2026-03-11,2026-09-14
annual:gross_profit:2025:latest_restated,gross_profit,2025,latest_restated,29269.0,USD_millions,derived,authoritative,pass,0000027419-26-000016,2026-03-11,2026-09-14
annual:income_tax_expense:2021:as_originally_filed,income_tax_expense,2021,as_originally_filed,1961.0,USD_millions,direct,authoritative,pass,0000027419-22-000007,2022-03-09,2026-09-14
annual:income_tax_expense:2021:latest_restated,income_tax_expense,2021,latest_restated,1961.0,USD_millions,direct,authoritative,pass,0000027419-24-000032,2024-03-13,2026-09-14
annual:income_tax_expense:2022:as_originally_filed,income_tax_expense,2022,as_originally_filed,638.0,USD_millions,direct,authoritative,pass,0000027419-23-000015,2023-03-08,2026-09-14
annual:income_tax_expense:2022:latest_restated,income_tax_expense,2022,latest_restated,638.0,USD_millions,direct,authoritative,pass,0000027419-25-000018,2025-03-12,2026-09-14
annual:income_tax_expense:2023:as_originally_filed,income_tax_expense,2023,as_originally_filed,1159.0,USD_millions,direct,authoritative,pass,0000027419-24-000032,2024-03-13,2026-09-14
annual:income_tax_expense:2023:latest_restated,income_tax_expense,2023,latest_restated,1159.0,USD_millions,direct,authoritative,pass,0000027419-26-000016,2026-03-11,2026-09-14
annual:income_tax_expense:2024:as_originally_filed,income_tax_expense,2024,as_originally_filed,1170.0,USD_millions,direct,authoritative,pass,0000027419-25-000018,2025-03-12,2026-09-14
annual:income_tax_expense:2024:latest_restated,income_tax_expense,2024,latest_restated,1170.0,USD_millions,direct,authoritative,pass,0000027419-26-000016,2026-03-11,2026-09-14
annual:income_tax_expense:2025:as_originally_filed,income_tax_expense,2025,as_originally_filed,1062.0,USD_millions,direct,authoritative,pass,0000027419-26-000016,2026-03-11,2026-09-14
annual:income_tax_expense:2025:latest_restated,income_tax_expense,2025,latest_restated,1062.0,USD_millions,direct,authoritative,pass,0000027419-26-000016,2026-03-11,2026-09-14
annual:interest_expense:2021:as_originally_filed,interest_expense,2021,as_originally_filed,421.0,USD_millions,direct,authoritative,pass,0000027419-22-000007,2022-03-09,2026-09-14
annual:interest_expense:2021:latest_restated,interest_expense,2021,latest_restated,421.0,USD_millions,direct,authoritative,pass,0000027419-24-000032,2024-03-13,2026-09-14
annual:interest_expense:2022:as_originally_filed,interest_expense,2022,as_originally_filed,478.0,USD_millions,direct,authoritative,pass,0000027419-23-000015,2023-03-08,2026-09-14
annual:interest_expense:2022:latest_restated,interest_expense,2022,latest_restated,478.0,USD_millions,direct,authoritative,pass,0000027419-24-000032,2024-03-13,2026-09-14
annual:interest_expense:2023:as_originally_filed,interest_expense,2023,as_originally_filed,502.0,USD_millions,direct,authoritative,pass,0000027419-24-000032,2024-03-13,2026-09-14
annual:interest_expense:2023:latest_restated,interest_expense,2023,latest_restated,502.0,USD_millions,direct,authoritative,pass,0000027419-24-000032,2024-03-13,2026-09-14
annual:interest_expense:2024:as_originally_filed,interest_expense,2024,as_originally_filed,411.0,USD_millions,direct,authoritative,pass,0000027419-25-000018,2025-03-12,2026-09-14
annual:interest_expense:2024:latest_restated,interest_expense,2024,latest_restated,411.0,USD_millions,direct,authoritative,pass,0000027419-26-000016,2026-03-11,2026-09-14
annual:interest_expense:2025:as_originally_filed,interest_expense,2025,as_originally_filed,445.0,USD_millions,direct,authoritative,pass,0000027419-26-000016,2026-03-11,2026-09-14
annual:interest_expense:2025:latest_restated,interest_expense,2025,latest_restated,445.0,USD_millions,direct,authoritative,pass,0000027419-26-000016,2026-03-11,2026-09-14
annual:inventory:2021:as_originally_filed,inventory,2021,as_originally_filed,13902.0,USD_millions,direct,authoritative,pass,0000027419-22-000007,2022-03-09,2026-09-14
annual:inventory:2021:latest_restated,inventory,2021,latest_restated,13902.0,USD_millions,direct,authoritative,pass,0000027419-23-000015,2023-03-08,2026-09-14
annual:inventory:2022:as_originally_filed,inventory,2022,as_originally_filed,13499.0,USD_millions,direct,authoritative,pass,0000027419-23-000015,2023-03-08,2026-09-14
annual:inventory:2022:latest_restated,inventory,2022,latest_restated,13499.0,USD_millions,direct,authoritative,pass,0000027419-24-000032,2024-03-13,2026-09-14
annual:inventory:2023:as_originally_filed,inventory,2023,as_originally_filed,11886.0,USD_millions,direct,authoritative,pass,0000027419-24-000032,2024-03-13,2026-09-14
annual:inventory:2023:latest_restated,inventory,2023,latest_restated,11886.0,USD_millions,direct,authoritative,pass,0000027419-25-000018,2025-03-12,2026-09-14
annual:inventory:2024:as_originally_filed,inventory,2024,as_originally_filed,12740.0,USD_millions,direct,authoritative,pass,0000027419-25-000018,2025-03-12,2026-09-14
annual:inventory:2024:latest_restated,inventory,2024,latest_restated,12740.0,USD_millions,direct,authoritative,pass,0000027419-26-000016,2026-03-11,2026-09-14
annual:inventory:2025:as_originally_filed,inventory,2025,as_originally_filed,12304.0,USD_millions,direct,authoritative,pass,0000027419-26-000016,2026-03-11,2026-09-14
annual:inventory:2025:latest_restated,inventory,2025,latest_restated,12304.0,USD_millions,direct,authoritative,pass,0000027419-26-000016,2026-03-11,2026-09-14
annual:inventory_to_revenue:2021:as_originally_filed,inventory_to_revenue,2021,as_originally_filed,13.11,percent,derived,authoritative,pass,0000027419-22-000007,2022-03-09,2026-09-14
annual:inventory_to_revenue:2021:latest_restated,inventory_to_revenue,2021,latest_restated,13.11,percent,derived,authoritative,pass,0000027419-22-000007,2022-03-09,2026-09-14
annual:inventory_to_revenue:2022:as_originally_filed,inventory_to_revenue,2022,as_originally_filed,12.37,percent,derived,authoritative,pass,0000027419-23-000015,2023-03-08,2026-09-14
annual:inventory_to_revenue:2022:latest_restated,inventory_to_revenue,2022,latest_restated,12.37,percent,derived,authoritative,pass,0000027419-23-000015,2023-03-08,2026-09-14
annual:inventory_to_revenue:2023:as_originally_filed,inventory_to_revenue,2023,as_originally_filed,11.07,percent,derived,authoritative,pass,0000027419-24-000032,2024-03-13,2026-09-14
annual:inventory_to_revenue:2023:latest_restated,inventory_to_revenue,2023,latest_restated,11.07,percent,derived,authoritative,pass,0000027419-24-000032,2024-03-13,2026-09-14
annual:inventory_to_revenue:2024:as_originally_filed,inventory_to_revenue,2024,as_originally_filed,11.96,percent,derived,authoritative,pass,0000027419-25-000018,2025-03-12,2026-09-14
annual:inventory_to_revenue:2024:latest_restated,inventory_to_revenue,2024,latest_restated,11.96,percent,derived,authoritative,pass,0000027419-25-000018,2025-03-12,2026-09-14
annual:inventory_to_revenue:2025:as_originally_filed,inventory_to_revenue,2025,as_originally_filed,11.74,percent,derived,authoritative,pass,0000027419-26-000016,2026-03-11,2026-09-14
annual:inventory_to_revenue:2025:latest_restated,inventory_to_revenue,2025,latest_restated,11.74,percent,derived,authoritative,pass,0000027419-26-000016,2026-03-11,2026-09-14
annual:investing_cash_flow:2021:as_originally_filed,investing_cash_flow,2021,as_originally_filed,-3154.0,USD_millions,direct,authoritative,pass,0000027419-22-000007,2022-03-09,2026-09-14
annual:investing_cash_flow:2021:latest_restated,investing_cash_flow,2021,latest_restated,-3154.0,USD_millions,direct,authoritative,pass,0000027419-24-000032,2024-03-13,2026-09-14
annual:investing_cash_flow:2022:as_originally_filed,investing_cash_flow,2022,as_originally_filed,-5504.0,USD_millions,direct,authoritative,pass,0000027419-23-000015,2023-03-08,2026-09-14
annual:investing_cash_flow:2022:latest_restated,investing_cash_flow,2022,latest_restated,-5504.0,USD_millions,direct,authoritative,pass,0000027419-25-000018,2025-03-12,2026-09-14
annual:investing_cash_flow:2023:as_originally_filed,investing_cash_flow,2023,as_originally_filed,-4760.0,USD_millions,direct,authoritative,pass,0000027419-24-000032,2024-03-13,2026-09-14
annual:investing_cash_flow:2023:latest_restated,investing_cash_flow,2023,latest_restated,-4760.0,USD_millions,direct,authoritative,pass,0000027419-26-000016,2026-03-11,2026-09-14
annual:investing_cash_flow:2024:as_originally_filed,investing_cash_flow,2024,as_originally_filed,-2860.0,USD_millions,direct,authoritative,pass,0000027419-25-000018,2025-03-12,2026-09-14
annual:investing_cash_flow:2024:latest_restated,investing_cash_flow,2024,latest_restated,-2860.0,USD_millions,direct,authoritative,pass,0000027419-26-000016,2026-03-11,2026-09-14
annual:investing_cash_flow:2025:as_originally_filed,investing_cash_flow,2025,as_originally_filed,-3649.0,USD_millions,direct,authoritative,pass,0000027419-26-000016,2026-03-11,2026-09-14
annual:investing_cash_flow:2025:latest_restated,investing_cash_flow,2025,latest_restated,-3649.0,USD_millions,direct,authoritative,pass,0000027419-26-000016,2026-03-11,2026-09-14
annual:long_term_debt_gaap_carrying_value:2021:as_originally_filed,long_term_debt_gaap_carrying_value,2021,as_originally_filed,13720.0,USD_millions,derived,authoritative,pass,0000027419-22-000007,2022-03-09,2026-09-14
annual:long_term_debt_gaap_carrying_value:2021:latest_restated,long_term_debt_gaap_carrying_value,2021,latest_restated,13720.0,USD_millions,derived,authoritative,pass,0000027419-22-000007,2022-03-09,2026-09-14
annual:long_term_debt_gaap_carrying_value:2022:as_originally_filed,long_term_debt_gaap_carrying_value,2022,as_originally_filed,16139.0,USD_millions,derived,authoritative,pass,0000027419-23-000015,2023-03-08,2026-09-14
annual:long_term_debt_gaap_carrying_value:2022:latest_restated,long_term_debt_gaap_carrying_value,2022,latest_restated,16139.0,USD_millions,derived,authoritative,pass,0000027419-23-000015,2023-03-08,2026-09-14
annual:long_term_debt_gaap_carrying_value:2023:as_originally_filed,long_term_debt_gaap_carrying_value,2023,as_originally_filed,16038.0,USD_millions,derived,authoritative,pass,0000027419-24-000032,2024-03-13,2026-09-14
annual:long_term_debt_gaap_carrying_value:2023:latest_restated,long_term_debt_gaap_carrying_value,2023,latest_restated,16038.0,USD_millions,derived,authoritative,pass,0000027419-24-000032,2024-03-13,2026-09-14
annual:long_term_debt_gaap_carrying_value:2024:as_originally_filed,long_term_debt_gaap_carrying_value,2024,as_originally_filed,15940.0,USD_millions,derived,authoritative,pass,0000027419-25-000018,2025-03-12,2026-09-14
annual:long_term_debt_gaap_carrying_value:2024:latest_restated,long_term_debt_gaap_carrying_value,2024,latest_restated,15940.0,USD_millions,derived,authoritative,pass,0000027419-25-000018,2025-03-12,2026-09-14
annual:long_term_debt_gaap_carrying_value:2025:as_originally_filed,long_term_debt_gaap_carrying_value,2025,as_originally_filed,16456.0,USD_millions,derived,authoritative,pass,0000027419-26-000016,2026-03-11,2026-09-14
annual:long_term_debt_gaap_carrying_value:2025:latest_restated,long_term_debt_gaap_carrying_value,2025,latest_restated,16456.0,USD_millions,derived,authoritative,pass,0000027419-26-000016,2026-03-11,2026-09-14
annual:long_term_debt_gaap_carrying_value_current:2021:as_originally_filed,long_term_debt_gaap_carrying_value_current,2021,as_originally_filed,171.0,USD_millions,direct,authoritative,pass,0000027419-22-000007,2022-03-09,2026-09-14
annual:long_term_debt_gaap_carrying_value_current:2021:latest_restated,long_term_debt_gaap_carrying_value_current,2021,latest_restated,171.0,USD_millions,direct,authoritative,pass,0000027419-23-000015,2023-03-08,2026-09-14
annual:long_term_debt_gaap_carrying_value_current:2022:as_originally_filed,long_term_debt_gaap_carrying_value_current,2022,as_originally_filed,130.0,USD_millions,direct,authoritative,pass,0000027419-23-000015,2023-03-08,2026-09-14
annual:long_term_debt_gaap_carrying_value_current:2022:latest_restated,long_term_debt_gaap_carrying_value_current,2022,latest_restated,130.0,USD_millions,direct,authoritative,pass,0000027419-24-000032,2024-03-13,2026-09-14
annual:long_term_debt_gaap_carrying_value_current:2023:as_originally_filed,long_term_debt_gaap_carrying_value_current,2023,as_originally_filed,1116.0,USD_millions,direct,authoritative,pass,0000027419-24-000032,2024-03-13,2026-09-14
annual:long_term_debt_gaap_carrying_value_current:2023:latest_restated,long_term_debt_gaap_carrying_value_current,2023,latest_restated,1116.0,USD_millions,direct,authoritative,pass,0000027419-25-000018,2025-03-12,2026-09-14
annual:long_term_debt_gaap_carrying_value_current:2024:as_originally_filed,long_term_debt_gaap_carrying_value_current,2024,as_originally_filed,1636.0,USD_millions,direct,authoritative,pass,0000027419-25-000018,2025-03-12,2026-09-14
annual:long_term_debt_gaap_carrying_value_current:2024:latest_restated,long_term_debt_gaap_carrying_value_current,2024,latest_restated,1636.0,USD_millions,direct,authoritative,pass,0000027419-26-000016,2026-03-11,2026-09-14
annual:long_term_debt_gaap_carrying_value_current:2025:as_originally_filed,long_term_debt_gaap_carrying_value_current,2025,as_originally_filed,2130.0,USD_millions,direct,authoritative,pass,0000027419-26-000016,2026-03-11,2026-09-14
annual:long_term_debt_gaap_carrying_value_current:2025:latest_restated,long_term_debt_gaap_carrying_value_current,2025,latest_restated,2130.0,USD_millions,direct,authoritative,pass,0000027419-26-000016,2026-03-11,2026-09-14
annual:long_term_debt_gaap_carrying_value_noncurrent:2021:as_originally_filed,long_term_debt_gaap_carrying_value_noncurrent,2021,as_originally_filed,13549.0,USD_millions,direct,authoritative,pass,0000027419-22-000007,2022-03-09,2026-09-14
annual:long_term_debt_gaap_carrying_value_noncurrent:2021:latest_restated,long_term_debt_gaap_carrying_value_noncurrent,2021,latest_restated,13549.0,USD_millions,direct,authoritative,pass,0000027419-23-000015,2023-03-08,2026-09-14
annual:long_term_debt_gaap_carrying_value_noncurrent:2022:as_originally_filed,long_term_debt_gaap_carrying_value_noncurrent,2022,as_originally_filed,16009.0,USD_millions,direct,authoritative,pass,0000027419-23-000015,2023-03-08,2026-09-14
annual:long_term_debt_gaap_carrying_value_noncurrent:2022:latest_restated,long_term_debt_gaap_carrying_value_noncurrent,2022,latest_restated,16009.0,USD_millions,direct,authoritative,pass,0000027419-24-000032,2024-03-13,2026-09-14
annual:long_term_debt_gaap_carrying_value_noncurrent:2023:as_originally_filed,long_term_debt_gaap_carrying_value_noncurrent,2023,as_originally_filed,14922.0,USD_millions,direct,authoritative,pass,0000027419-24-000032,2024-03-13,2026-09-14
annual:long_term_debt_gaap_carrying_value_noncurrent:2023:latest_restated,long_term_debt_gaap_carrying_value_noncurrent,2023,latest_restated,14922.0,USD_millions,direct,authoritative,pass,0000027419-25-000018,2025-03-12,2026-09-14
annual:long_term_debt_gaap_carrying_value_noncurrent:2024:as_originally_filed,long_term_debt_gaap_carrying_value_noncurrent,2024,as_originally_filed,14304.0,USD_millions,direct,authoritative,pass,0000027419-25-000018,2025-03-12,2026-09-14
annual:long_term_debt_gaap_carrying_value_noncurrent:2024:latest_restated,long_term_debt_gaap_carrying_value_noncurrent,2024,latest_restated,14304.0,USD_millions,direct,authoritative,pass,0000027419-26-000016,2026-03-11,2026-09-14
annual:long_term_debt_gaap_carrying_value_noncurrent:2025:as_originally_filed,long_term_debt_gaap_carrying_value_noncurrent,2025,as_originally_filed,14326.0,USD_millions,direct,authoritative,pass,0000027419-26-000016,2026-03-11,2026-09-14
annual:long_term_debt_gaap_carrying_value_noncurrent:2025:latest_restated,long_term_debt_gaap_carrying_value_noncurrent,2025,latest_restated,14326.0,USD_millions,direct,authoritative,pass,0000027419-26-000016,2026-03-11,2026-09-14
annual:net_change_in_cash:2021:as_originally_filed,net_change_in_cash,2021,as_originally_filed,-2600.0,USD_millions,direct,authoritative,pass,0000027419-22-000007,2022-03-09,2026-09-14
annual:net_change_in_cash:2021:latest_restated,net_change_in_cash,2021,latest_restated,-2600.0,USD_millions,direct,authoritative,pass,0000027419-24-000032,2024-03-13,2026-09-14
annual:net_change_in_cash:2022:as_originally_filed,net_change_in_cash,2022,as_originally_filed,-3682.0,USD_millions,direct,authoritative,pass,0000027419-23-000015,2023-03-08,2026-09-14
annual:net_change_in_cash:2022:latest_restated,net_change_in_cash,2022,latest_restated,-3682.0,USD_millions,direct,authoritative,pass,0000027419-25-000018,2025-03-12,2026-09-14
annual:net_change_in_cash:2023:as_originally_filed,net_change_in_cash,2023,as_originally_filed,1576.0,USD_millions,direct,authoritative,pass,0000027419-24-000032,2024-03-13,2026-09-14
annual:net_change_in_cash:2023:latest_restated,net_change_in_cash,2023,latest_restated,1576.0,USD_millions,direct,authoritative,pass,0000027419-26-000016,2026-03-11,2026-09-14
annual:net_change_in_cash:2024:as_originally_filed,net_change_in_cash,2024,as_originally_filed,957.0,USD_millions,direct,authoritative,pass,0000027419-25-000018,2025-03-12,2026-09-14
annual:net_change_in_cash:2024:latest_restated,net_change_in_cash,2024,latest_restated,957.0,USD_millions,direct,authoritative,pass,0000027419-26-000016,2026-03-11,2026-09-14
annual:net_change_in_cash:2025:as_originally_filed,net_change_in_cash,2025,as_originally_filed,726.0,USD_millions,direct,authoritative,pass,0000027419-26-000016,2026-03-11,2026-09-14
annual:net_change_in_cash:2025:latest_restated,net_change_in_cash,2025,latest_restated,726.0,USD_millions,direct,authoritative,pass,0000027419-26-000016,2026-03-11,2026-09-14
annual:net_debt_to_cfo:2021:as_originally_filed,net_debt_to_cfo,2021,as_originally_filed,0.6648,ratio (x),derived,authoritative,pass,0000027419-22-000007,2022-03-09,2026-09-14
annual:net_debt_to_cfo:2021:latest_restated,net_debt_to_cfo,2021,latest_restated,0.6648,ratio (x),derived,authoritative,pass,0000027419-22-000007,2022-03-09,2026-09-14
annual:net_debt_to_cfo:2022:as_originally_filed,net_debt_to_cfo,2022,as_originally_filed,2.9462,ratio (x),derived,authoritative,pass,0000027419-23-000015,2023-03-08,2026-09-14
annual:net_debt_to_cfo:2022:latest_restated,net_debt_to_cfo,2022,latest_restated,2.9462,ratio (x),derived,authoritative,pass,0000027419-23-000015,2023-03-08,2026-09-14
annual:net_debt_to_cfo:2023:as_originally_filed,net_debt_to_cfo,2023,as_originally_filed,1.1855,ratio (x),derived,authoritative,pass,0000027419-24-000032,2024-03-13,2026-09-14
annual:net_debt_to_cfo:2023:latest_restated,net_debt_to_cfo,2023,latest_restated,1.1855,ratio (x),derived,authoritative,pass,0000027419-24-000032,2024-03-13,2026-09-14
annual:net_debt_to_cfo:2024:as_originally_filed,net_debt_to_cfo,2024,as_originally_filed,1.224,ratio (x),derived,authoritative,pass,0000027419-25-000018,2025-03-12,2026-09-14
annual:net_debt_to_cfo:2024:latest_restated,net_debt_to_cfo,2024,latest_restated,1.224,ratio (x),derived,authoritative,pass,0000027419-25-000018,2025-03-12,2026-09-14
annual:net_debt_to_cfo:2025:as_originally_filed,net_debt_to_cfo,2025,as_originally_filed,1.3494,ratio (x),derived,authoritative,pass,0000027419-26-000016,2026-03-11,2026-09-14
annual:net_debt_to_cfo:2025:latest_restated,net_debt_to_cfo,2025,latest_restated,1.3494,ratio (x),derived,authoritative,pass,0000027419-26-000016,2026-03-11,2026-09-14
annual:net_income:2021:as_originally_filed,net_income,2021,as_originally_filed,6946.0,USD_millions,direct,authoritative,pass,0000027419-22-000007,2022-03-09,2026-09-14
annual:net_income:2021:latest_restated,net_income,2021,latest_restated,6946.0,USD_millions,direct,authoritative,pass,0000027419-22-000007,2022-03-09,2026-09-14
annual:net_income:2022:as_originally_filed,net_income,2022,as_originally_filed,2780.0,USD_millions,direct,authoritative,pass,0000027419-23-000015,2023-03-08,2026-09-14
annual:net_income:2022:latest_restated,net_income,2022,latest_restated,2780.0,USD_millions,direct,authoritative,pass,0000027419-25-000018,2025-03-12,2026-09-14
annual:net_income:2023:as_originally_filed,net_income,2023,as_originally_filed,4138.0,USD_millions,direct,authoritative,pass,0000027419-24-000032,2024-03-13,2026-09-14
annual:net_income:2023:latest_restated,net_income,2023,latest_restated,4138.0,USD_millions,direct,authoritative,pass,0000027419-26-000016,2026-03-11,2026-09-14
annual:net_income:2024:as_originally_filed,net_income,2024,as_originally_filed,4091.0,USD_millions,direct,authoritative,pass,0000027419-25-000018,2025-03-12,2026-09-14
annual:net_income:2024:latest_restated,net_income,2024,latest_restated,4091.0,USD_millions,direct,authoritative,pass,0000027419-26-000016,2026-03-11,2026-09-14
annual:net_income:2025:as_originally_filed,net_income,2025,as_originally_filed,3705.0,USD_millions,direct,authoritative,pass,0000027419-26-000016,2026-03-11,2026-09-14
annual:net_income:2025:latest_restated,net_income,2025,latest_restated,3705.0,USD_millions,direct,authoritative,pass,0000027419-26-000016,2026-03-11,2026-09-14
annual:net_margin:2021:as_originally_filed,net_margin,2021,as_originally_filed,6.55,percent,derived,authoritative,pass,0000027419-22-000007,2022-03-09,2026-09-14
annual:net_margin:2021:latest_restated,net_margin,2021,latest_restated,6.55,percent,derived,authoritative,pass,0000027419-22-000007,2022-03-09,2026-09-14
annual:net_margin:2022:as_originally_filed,net_margin,2022,as_originally_filed,2.55,percent,derived,authoritative,pass,0000027419-23-000015,2023-03-08,2026-09-14
annual:net_margin:2022:latest_restated,net_margin,2022,latest_restated,2.55,percent,derived,authoritative,pass,0000027419-23-000015,2023-03-08,2026-09-14
annual:net_margin:2023:as_originally_filed,net_margin,2023,as_originally_filed,3.85,percent,derived,authoritative,pass,0000027419-24-000032,2024-03-13,2026-09-14
annual:net_margin:2023:latest_restated,net_margin,2023,latest_restated,3.85,percent,derived,authoritative,pass,0000027419-24-000032,2024-03-13,2026-09-14
annual:net_margin:2024:as_originally_filed,net_margin,2024,as_originally_filed,3.84,percent,derived,authoritative,pass,0000027419-25-000018,2025-03-12,2026-09-14
annual:net_margin:2024:latest_restated,net_margin,2024,latest_restated,3.84,percent,derived,authoritative,pass,0000027419-25-000018,2025-03-12,2026-09-14
annual:net_margin:2025:as_originally_filed,net_margin,2025,as_originally_filed,3.54,percent,derived,authoritative,pass,0000027419-26-000016,2026-03-11,2026-09-14
annual:net_margin:2025:latest_restated,net_margin,2025,latest_restated,3.54,percent,derived,authoritative,pass,0000027419-26-000016,2026-03-11,2026-09-14
annual:net_other_income:2021:as_originally_filed,net_other_income,2021,as_originally_filed,382.0,USD_millions,direct,authoritative,pass,0000027419-22-000007,2022-03-09,2026-09-14
annual:net_other_income:2021:latest_restated,net_other_income,2021,latest_restated,382.0,USD_millions,direct,authoritative,pass,0000027419-24-000032,2024-03-13,2026-09-14
annual:net_other_income:2022:as_originally_filed,net_other_income,2022,as_originally_filed,48.0,USD_millions,direct,authoritative,pass,0000027419-23-000015,2023-03-08,2026-09-14
annual:net_other_income:2022:latest_restated,net_other_income,2022,latest_restated,48.0,USD_millions,direct,authoritative,pass,0000027419-25-000018,2025-03-12,2026-09-14
annual:net_other_income:2023:as_originally_filed,net_other_income,2023,as_originally_filed,92.0,USD_millions,direct,authoritative,pass,0000027419-24-000032,2024-03-13,2026-09-14
annual:net_other_income:2023:latest_restated,net_other_income,2023,latest_restated,92.0,USD_millions,direct,authoritative,pass,0000027419-26-000016,2026-03-11,2026-09-14
annual:net_other_income:2024:as_originally_filed,net_other_income,2024,as_originally_filed,106.0,USD_millions,direct,authoritative,pass,0000027419-25-000018,2025-03-12,2026-09-14
annual:net_other_income:2024:latest_restated,net_other_income,2024,latest_restated,106.0,USD_millions,direct,authoritative,pass,0000027419-26-000016,2026-03-11,2026-09-14
annual:net_other_income:2025:as_originally_filed,net_other_income,2025,as_originally_filed,95.0,USD_millions,direct,authoritative,pass,0000027419-26-000016,2026-03-11,2026-09-14
annual:net_other_income:2025:latest_restated,net_other_income,2025,latest_restated,95.0,USD_millions,direct,authoritative,pass,0000027419-26-000016,2026-03-11,2026-09-14
annual:operating_cash_flow:2021:as_originally_filed,operating_cash_flow,2021,as_originally_filed,8625.0,USD_millions,direct,authoritative,pass,0000027419-22-000007,2022-03-09,2026-09-14
annual:operating_cash_flow:2021:latest_restated,operating_cash_flow,2021,latest_restated,8625.0,USD_millions,direct,authoritative,pass,0000027419-24-000032,2024-03-13,2026-09-14
annual:operating_cash_flow:2022:as_originally_filed,operating_cash_flow,2022,as_originally_filed,4018.0,USD_millions,direct,authoritative,pass,0000027419-23-000015,2023-03-08,2026-09-14
annual:operating_cash_flow:2022:latest_restated,operating_cash_flow,2022,latest_restated,4018.0,USD_millions,direct,authoritative,pass,0000027419-25-000018,2025-03-12,2026-09-14
annual:operating_cash_flow:2023:as_originally_filed,operating_cash_flow,2023,as_originally_filed,8621.0,USD_millions,direct,authoritative,pass,0000027419-24-000032,2024-03-13,2026-09-14
annual:operating_cash_flow:2023:latest_restated,operating_cash_flow,2023,latest_restated,8621.0,USD_millions,direct,authoritative,pass,0000027419-26-000016,2026-03-11,2026-09-14
annual:operating_cash_flow:2024:as_originally_filed,operating_cash_flow,2024,as_originally_filed,7367.0,USD_millions,direct,authoritative,pass,0000027419-25-000018,2025-03-12,2026-09-14
annual:operating_cash_flow:2024:latest_restated,operating_cash_flow,2024,latest_restated,7367.0,USD_millions,direct,authoritative,pass,0000027419-26-000016,2026-03-11,2026-09-14
annual:operating_cash_flow:2025:as_originally_filed,operating_cash_flow,2025,as_originally_filed,6562.0,USD_millions,direct,authoritative,pass,0000027419-26-000016,2026-03-11,2026-09-14
annual:operating_cash_flow:2025:latest_restated,operating_cash_flow,2025,latest_restated,6562.0,USD_millions,direct,authoritative,pass,0000027419-26-000016,2026-03-11,2026-09-14
annual:operating_expenses:2021:as_originally_filed,operating_expenses,2021,as_originally_filed,19752.0,USD_millions,direct,authoritative,pass,0000027419-22-000007,2022-03-09,2026-09-14
annual:operating_expenses:2021:latest_restated,operating_expenses,2021,latest_restated,19752.0,USD_millions,direct,authoritative,pass,0000027419-24-000032,2024-03-13,2026-09-14
annual:operating_expenses:2022:as_originally_filed,operating_expenses,2022,as_originally_filed,20658.0,USD_millions,direct,authoritative,pass,0000027419-23-000015,2023-03-08,2026-09-14
annual:operating_expenses:2022:latest_restated,operating_expenses,2022,latest_restated,20581.0,USD_millions,direct,authoritative,pass,0000027419-25-000018,2025-03-12,2026-09-14
annual:operating_expenses:2023:as_originally_filed,operating_expenses,2023,as_originally_filed,21554.0,USD_millions,direct,authoritative,pass,0000027419-24-000032,2024-03-13,2026-09-14
annual:operating_expenses:2023:latest_restated,operating_expenses,2023,latest_restated,21462.0,USD_millions,direct,authoritative,pass,0000027419-26-000016,2026-03-11,2026-09-14
annual:operating_expenses:2024:as_originally_filed,operating_expenses,2024,as_originally_filed,21969.0,USD_millions,direct,authoritative,pass,0000027419-25-000018,2025-03-12,2026-09-14
annual:operating_expenses:2024:latest_restated,operating_expenses,2024,latest_restated,21969.0,USD_millions,direct,authoritative,pass,0000027419-26-000016,2026-03-11,2026-09-14
annual:operating_expenses:2025:as_originally_filed,operating_expenses,2025,as_originally_filed,21535.0,USD_millions,direct,authoritative,pass,0000027419-26-000016,2026-03-11,2026-09-14
annual:operating_expenses:2025:latest_restated,operating_expenses,2025,latest_restated,21535.0,USD_millions,direct,authoritative,pass,0000027419-26-000016,2026-03-11,2026-09-14
annual:operating_income:2021:as_originally_filed,operating_income,2021,as_originally_filed,8946.0,USD_millions,direct,authoritative,pass,0000027419-22-000007,2022-03-09,2026-09-14
annual:operating_income:2021:latest_restated,operating_income,2021,latest_restated,8946.0,USD_millions,direct,authoritative,pass,0000027419-24-000032,2024-03-13,2026-09-14
annual:operating_income:2022:as_originally_filed,operating_income,2022,as_originally_filed,3848.0,USD_millions,direct,authoritative,pass,0000027419-23-000015,2023-03-08,2026-09-14
annual:operating_income:2022:latest_restated,operating_income,2022,latest_restated,3848.0,USD_millions,direct,authoritative,pass,0000027419-25-000018,2025-03-12,2026-09-14
annual:operating_income:2023:as_originally_filed,operating_income,2023,as_originally_filed,5707.0,USD_millions,direct,authoritative,pass,0000027419-24-000032,2024-03-13,2026-09-14
annual:operating_income:2023:latest_restated,operating_income,2023,latest_restated,5707.0,USD_millions,direct,authoritative,pass,0000027419-26-000016,2026-03-11,2026-09-14
annual:operating_income:2024:as_originally_filed,operating_income,2024,as_originally_filed,5566.0,USD_millions,direct,authoritative,pass,0000027419-25-000018,2025-03-12,2026-09-14
annual:operating_income:2024:latest_restated,operating_income,2024,latest_restated,5566.0,USD_millions,direct,authoritative,pass,0000027419-26-000016,2026-03-11,2026-09-14
annual:operating_income:2025:as_originally_filed,operating_income,2025,as_originally_filed,5117.0,USD_millions,direct,authoritative,pass,0000027419-26-000016,2026-03-11,2026-09-14
annual:operating_income:2025:latest_restated,operating_income,2025,latest_restated,5117.0,USD_millions,direct,authoritative,pass,0000027419-26-000016,2026-03-11,2026-09-14
annual:operating_margin:2021:as_originally_filed,operating_margin,2021,as_originally_filed,8.44,percent,derived,authoritative,pass,0000027419-22-000007,2022-03-09,2026-09-14
annual:operating_margin:2021:latest_restated,operating_margin,2021,latest_restated,8.44,percent,derived,authoritative,pass,0000027419-22-000007,2022-03-09,2026-09-14
annual:operating_margin:2022:as_originally_filed,operating_margin,2022,as_originally_filed,3.53,percent,derived,authoritative,pass,0000027419-23-000015,2023-03-08,2026-09-14
annual:operating_margin:2022:latest_restated,operating_margin,2022,latest_restated,3.53,percent,derived,authoritative,pass,0000027419-23-000015,2023-03-08,2026-09-14
annual:operating_margin:2023:as_originally_filed,operating_margin,2023,as_originally_filed,5.31,percent,derived,authoritative,pass,0000027419-24-000032,2024-03-13,2026-09-14
annual:operating_margin:2023:latest_restated,operating_margin,2023,latest_restated,5.31,percent,derived,authoritative,pass,0000027419-24-000032,2024-03-13,2026-09-14
annual:operating_margin:2024:as_originally_filed,operating_margin,2024,as_originally_filed,5.22,percent,derived,authoritative,pass,0000027419-25-000018,2025-03-12,2026-09-14
annual:operating_margin:2024:latest_restated,operating_margin,2024,latest_restated,5.22,percent,derived,authoritative,pass,0000027419-25-000018,2025-03-12,2026-09-14
annual:operating_margin:2025:as_originally_filed,operating_margin,2025,as_originally_filed,4.88,percent,derived,authoritative,pass,0000027419-26-000016,2026-03-11,2026-09-14
annual:operating_margin:2025:latest_restated,operating_margin,2025,latest_restated,4.88,percent,derived,authoritative,pass,0000027419-26-000016,2026-03-11,2026-09-14
annual:pretax_income:2021:as_originally_filed,pretax_income,2021,as_originally_filed,8907.0,USD_millions,direct,authoritative,pass,0000027419-22-000007,2022-03-09,2026-09-14
annual:pretax_income:2021:latest_restated,pretax_income,2021,latest_restated,8907.0,USD_millions,direct,authoritative,pass,0000027419-24-000032,2024-03-13,2026-09-14
annual:pretax_income:2022:as_originally_filed,pretax_income,2022,as_originally_filed,3418.0,USD_millions,direct,authoritative,pass,0000027419-23-000015,2023-03-08,2026-09-14
annual:pretax_income:2022:latest_restated,pretax_income,2022,latest_restated,3418.0,USD_millions,direct,authoritative,pass,0000027419-25-000018,2025-03-12,2026-09-14
annual:pretax_income:2023:as_originally_filed,pretax_income,2023,as_originally_filed,5297.0,USD_millions,direct,authoritative,pass,0000027419-24-000032,2024-03-13,2026-09-14
annual:pretax_income:2023:latest_restated,pretax_income,2023,latest_restated,5297.0,USD_millions,direct,authoritative,pass,0000027419-26-000016,2026-03-11,2026-09-14
annual:pretax_income:2024:as_originally_filed,pretax_income,2024,as_originally_filed,5261.0,USD_millions,direct,authoritative,pass,0000027419-25-000018,2025-03-12,2026-09-14
annual:pretax_income:2024:latest_restated,pretax_income,2024,latest_restated,5261.0,USD_millions,direct,authoritative,pass,0000027419-26-000016,2026-03-11,2026-09-14
annual:pretax_income:2025:as_originally_filed,pretax_income,2025,as_originally_filed,4767.0,USD_millions,direct,authoritative,pass,0000027419-26-000016,2026-03-11,2026-09-14
annual:pretax_income:2025:latest_restated,pretax_income,2025,latest_restated,4767.0,USD_millions,direct,authoritative,pass,0000027419-26-000016,2026-03-11,2026-09-14
annual:revenue:2021:as_originally_filed,revenue,2021,as_originally_filed,106005.0,USD_millions,direct,authoritative,pass,0000027419-22-000007,2022-03-09,2026-09-14
annual:revenue:2021:latest_restated,revenue,2021,latest_restated,106005.0,USD_millions,direct,authoritative,pass,0000027419-24-000032,2024-03-13,2026-09-14
annual:revenue:2022:as_originally_filed,revenue,2022,as_originally_filed,109120.0,USD_millions,direct,authoritative,pass,0000027419-23-000015,2023-03-08,2026-09-14
annual:revenue:2022:latest_restated,revenue,2022,latest_restated,109120.0,USD_millions,direct,authoritative,pass,0000027419-25-000018,2025-03-12,2026-09-14
annual:revenue:2023:as_originally_filed,revenue,2023,as_originally_filed,107412.0,USD_millions,direct,authoritative,pass,0000027419-24-000032,2024-03-13,2026-09-14
annual:revenue:2023:latest_restated,revenue,2023,latest_restated,107412.0,USD_millions,direct,authoritative,pass,0000027419-26-000016,2026-03-11,2026-09-14
annual:revenue:2024:as_originally_filed,revenue,2024,as_originally_filed,106566.0,USD_millions,direct,authoritative,pass,0000027419-25-000018,2025-03-12,2026-09-14
annual:revenue:2024:latest_restated,revenue,2024,latest_restated,106566.0,USD_millions,direct,authoritative,pass,0000027419-26-000016,2026-03-11,2026-09-14
annual:revenue:2025:as_originally_filed,revenue,2025,as_originally_filed,104780.0,USD_millions,direct,authoritative,pass,0000027419-26-000016,2026-03-11,2026-09-14
annual:revenue:2025:latest_restated,revenue,2025,latest_restated,104780.0,USD_millions,direct,authoritative,pass,0000027419-26-000016,2026-03-11,2026-09-14
annual:share_repurchases:2021:as_originally_filed,share_repurchases,2021,as_originally_filed,7356.0,USD_millions,direct,authoritative,pass,0000027419-22-000007,2022-03-09,2026-09-14
annual:share_repurchases:2021:latest_restated,share_repurchases,2021,latest_restated,7188.0,USD_millions,direct,authoritative,pass,0000027419-24-000032,2024-03-13,2026-09-14
annual:share_repurchases:2022:as_originally_filed,share_repurchases,2022,as_originally_filed,2826.0,USD_millions,direct,authoritative,pass,0000027419-23-000015,2023-03-08,2026-09-14
annual:share_repurchases:2022:latest_restated,share_repurchases,2022,latest_restated,2646.0,USD_millions,direct,authoritative,pass,0000027419-25-000018,2025-03-12,2026-09-14
annual:share_repurchases:2023:as_originally_filed,share_repurchases,2023,as_originally_filed,0.0,USD_millions,direct,authoritative,pass,0000027419-24-000032,2024-03-13,2026-09-14
annual:share_repurchases:2023:latest_restated,share_repurchases,2023,latest_restated,0.0,USD_millions,direct,authoritative,pass,0000027419-26-000016,2026-03-11,2026-09-14
annual:share_repurchases:2024:as_originally_filed,share_repurchases,2024,as_originally_filed,1007.0,USD_millions,direct,authoritative,pass,0000027419-25-000018,2025-03-12,2026-09-14
annual:share_repurchases:2024:latest_restated,share_repurchases,2024,latest_restated,1007.0,USD_millions,direct,authoritative,pass,0000027419-26-000016,2026-03-11,2026-09-14
annual:share_repurchases:2025:as_originally_filed,share_repurchases,2025,as_originally_filed,408.0,USD_millions,direct,authoritative,pass,0000027419-26-000016,2026-03-11,2026-09-14
annual:share_repurchases:2025:latest_restated,share_repurchases,2025,latest_restated,408.0,USD_millions,direct,authoritative,pass,0000027419-26-000016,2026-03-11,2026-09-14
annual:shareholder_distributions_to_fcf:2021:as_originally_filed,shareholder_distributions_to_fcf,2021,as_originally_filed,175.24,percent,derived,authoritative,pass,0000027419-22-000007,2022-03-09,2026-09-14
annual:shareholder_distributions_to_fcf:2021:latest_restated,shareholder_distributions_to_fcf,2021,latest_restated,171.93,percent,derived,authoritative,pass,0000027419-22-000007,2022-03-09,2026-09-14
annual:shareholder_distributions_to_fcf:2023:as_originally_filed,shareholder_distributions_to_fcf,2023,as_originally_filed,52.71,percent,derived,authoritative,pass,0000027419-24-000032,2024-03-13,2026-09-14
annual:shareholder_distributions_to_fcf:2023:latest_restated,shareholder_distributions_to_fcf,2023,latest_restated,52.71,percent,derived,authoritative,pass,0000027419-24-000032,2024-03-13,2026-09-14
annual:shareholder_distributions_to_fcf:2024:as_originally_filed,shareholder_distributions_to_fcf,2024,as_originally_filed,68.21,percent,derived,authoritative,pass,0000027419-25-000018,2025-03-12,2026-09-14
annual:shareholder_distributions_to_fcf:2024:latest_restated,shareholder_distributions_to_fcf,2024,latest_restated,68.21,percent,derived,authoritative,pass,0000027419-25-000018,2025-03-12,2026-09-14
annual:shareholder_distributions_to_fcf:2025:as_originally_filed,shareholder_distributions_to_fcf,2025,as_originally_filed,86.81,percent,derived,authoritative,pass,0000027419-26-000016,2026-03-11,2026-09-14
annual:shareholder_distributions_to_fcf:2025:latest_restated,shareholder_distributions_to_fcf,2025,latest_restated,86.81,percent,derived,authoritative,pass,0000027419-26-000016,2026-03-11,2026-09-14
annual:total_debt_gaap:2021:as_originally_filed,total_debt_gaap,2021,as_originally_filed,11645.0,USD_millions,derived,authoritative,pass,0000027419-22-000007,2022-03-09,2026-09-14
annual:total_debt_gaap:2021:latest_restated,total_debt_gaap,2021,latest_restated,11645.0,USD_millions,derived,authoritative,pass,0000027419-22-000007,2022-03-09,2026-09-14
annual:total_debt_gaap:2022:as_originally_filed,total_debt_gaap,2022,as_originally_filed,14067.0,USD_millions,derived,authoritative,pass,0000027419-23-000015,2023-03-08,2026-09-14
annual:total_debt_gaap:2022:latest_restated,total_debt_gaap,2022,latest_restated,14067.0,USD_millions,derived,authoritative,pass,0000027419-23-000015,2023-03-08,2026-09-14
annual:total_debt_gaap:2023:as_originally_filed,total_debt_gaap,2023,as_originally_filed,14025.0,USD_millions,derived,authoritative,pass,0000027419-24-000032,2024-03-13,2026-09-14
annual:total_debt_gaap:2023:latest_restated,total_debt_gaap,2023,latest_restated,14025.0,USD_millions,derived,authoritative,pass,0000027419-24-000032,2024-03-13,2026-09-14
annual:total_debt_gaap:2024:as_originally_filed,total_debt_gaap,2024,as_originally_filed,13779.0,USD_millions,derived,authoritative,pass,0000027419-25-000018,2025-03-12,2026-09-14
annual:total_debt_gaap:2024:latest_restated,total_debt_gaap,2024,latest_restated,13779.0,USD_millions,derived,authoritative,pass,0000027419-25-000018,2025-03-12,2026-09-14
annual:total_debt_gaap:2025:as_originally_filed,total_debt_gaap,2025,as_originally_filed,14343.0,USD_millions,derived,authoritative,pass,0000027419-26-000016,2026-03-11,2026-09-14
annual:total_debt_gaap:2025:latest_restated,total_debt_gaap,2025,latest_restated,14343.0,USD_millions,derived,authoritative,pass,0000027419-26-000016,2026-03-11,2026-09-14
annual:valuation_net_debt_excluding_leases:2021:as_originally_filed,valuation_net_debt_excluding_leases,2021,as_originally_filed,5734.0,USD_millions,derived,authoritative,pass,0000027419-22-000007,2022-03-09,2026-09-14
annual:valuation_net_debt_excluding_leases:2021:latest_restated,valuation_net_debt_excluding_leases,2021,latest_restated,5734.0,USD_millions,derived,authoritative,pass,0000027419-22-000007,2022-03-09,2026-09-14
annual:valuation_net_debt_excluding_leases:2022:as_originally_filed,valuation_net_debt_excluding_leases,2022,as_originally_filed,11838.0,USD_millions,derived,authoritative,pass,0000027419-23-000015,2023-03-08,2026-09-14
annual:valuation_net_debt_excluding_leases:2022:latest_restated,valuation_net_debt_excluding_leases,2022,latest_restated,11838.0,USD_millions,derived,authoritative,pass,0000027419-23-000015,2023-03-08,2026-09-14
annual:valuation_net_debt_excluding_leases:2023:as_originally_filed,valuation_net_debt_excluding_leases,2023,as_originally_filed,10220.0,USD_millions,derived,authoritative,pass,0000027419-24-000032,2024-03-13,2026-09-14
annual:valuation_net_debt_excluding_leases:2023:latest_restated,valuation_net_debt_excluding_leases,2023,latest_restated,10220.0,USD_millions,derived,authoritative,pass,0000027419-24-000032,2024-03-13,2026-09-14
annual:valuation_net_debt_excluding_leases:2024:as_originally_filed,valuation_net_debt_excluding_leases,2024,as_originally_filed,9017.0,USD_millions,derived,authoritative,pass,0000027419-25-000018,2025-03-12,2026-09-14
annual:valuation_net_debt_excluding_leases:2024:latest_restated,valuation_net_debt_excluding_leases,2024,latest_restated,9017.0,USD_millions,derived,authoritative,pass,0000027419-25-000018,2025-03-12,2026-09-14
annual:valuation_net_debt_excluding_leases:2025:as_originally_filed,valuation_net_debt_excluding_leases,2025,as_originally_filed,8855.0,USD_millions,derived,authoritative,pass,0000027419-26-000016,2026-03-11,2026-09-14
annual:valuation_net_debt_excluding_leases:2025:latest_restated,valuation_net_debt_excluding_leases,2025,latest_restated,8855.0,USD_millions,derived,authoritative,pass,0000027419-26-000016,2026-03-11,2026-09-14
