metric,statement,category,candidate_xbrl_taxonomy,candidate_xbrl_tag,unit,sign_convention,mapping_status,notes,annual_mapping_status
revenue,income_statement,flow,us-gaap,RevenueFromContractWithCustomerExcludingAssessedTax,USD,positive_magnitude_inflow,candidate_unverified,Confirm vs. legacy Revenues/SalesRevenueNet tags used before ASC 606 adoption; check for a Net sales-only line if Target separates credit card revenue.,reviewed
cost_of_sales,income_statement,flow,us-gaap,CostOfGoodsAndServicesSold,USD,positive_magnitude_expense,candidate_unverified,Verify whether D&A is embedded here per Target's presentation before adding it elsewhere.,reviewed
gross_profit,income_statement,flow,us-gaap,GrossProfit,USD,positive_magnitude_inflow,candidate_unverified,"CORRECTED 2026-09-15 (Milestone 2 mapping review): us-gaap:GrossProfit confirmed absent (0 occurrences) in both accession 0000027419-25-000018 (FY2024 10-K) and accession 0000027419-26-000016 (FY2025 10-K), via exhaustive tag scan. Target does not separately tag gross profit anywhere in either filing's inline XBRL. MUST be derived as revenue - cost_of_sales for every fiscal year; there is no direct-tag alternative to evaluate. Not marked reviewed -- derivation-basis classification (direct vs. derived) still needs reviewer confirmation per Milestone 2 item 5. See docs/decisions.md 2026-09-15 Milestone 2 entries.",candidate_unverified
operating_expenses,income_statement,flow,us-gaap,SellingGeneralAndAdministrativeExpense,USD,positive_magnitude_expense,candidate_unverified,"CORRECTED 2026-09-15 (Milestone 2 mapping review): candidate_xbrl_tag changed from OperatingExpenses to SellingGeneralAndAdministrativeExpense -- us-gaap:OperatingExpenses does not appear anywhere in accession 0000027419-25-000018 (FY2024 10-K) or accession 0000027419-26-000016 (FY2025 10-K), confirmed by exhaustive tag scan of both documents. us-gaap:SellingGeneralAndAdministrativeExpense is Target's actual Statement of Operations 'Selling, general and administrative expenses' line: FY2025 10-K context c-1 (FY2025)=21,535M, c-4 (FY2024)=21,969M, c-5 (FY2023)=21,462M; FY2024 10-K context c-5 (FY2022, comparative-only)=20,581M. No competing candidate tag found. This line excludes depreciation_amortization_opex (a separate reported line) -- confirmed by the income-statement bridge Gross profit - SG&A - D&A(opex) = Operating income reproducing the reported Operating income exactly (zero residual) for FY2022-FY2025. Not marked reviewed -- statement-location and D&A-embedding confirmation still needs reviewer sign-off per Milestone 2 item 5. See docs/decisions.md 2026-09-15 Milestone 2 entries.",reviewed
operating_income,income_statement,flow,us-gaap,OperatingIncomeLoss,USD,positive_magnitude_inflow,candidate_unverified,,reviewed
interest_expense,income_statement,flow,us-gaap,InterestExpenseNonoperating,USD,positive_magnitude_expense,candidate_unverified,"Only modeled explicitly if the explicit-interest net-income method is chosen. CORRECTED 2026-09-15: candidate_xbrl_tag changed from InterestExpense to InterestExpenseNonoperating -- us-gaap:InterestExpense does not appear anywhere in accession 0000027419-26-000016 (confirmed by exhaustive tag scan), so it cannot be the source of the reported figure. us-gaap:InterestExpenseNonoperating is the Statement of Operations 'Net interest expense' line: context c-1 (FY2025, no dimensional segment), value 445,000,000; c-4 (FY2024)=411M; c-5 (FY2023)=502M. Also present at c-216/c-217/c-218 under tgt:ReportableSegmentMember (dimensional duplicate, excluded from selection). Competing candidates considered and rejected: us-gaap:FinanceLeaseInterestExpense (present in the document but a narrower, lease-specific interest concept, not the aggregate net interest expense line) and us-gaap:InterestPaidNet (a cash-paid supplemental-disclosure figure, not the accrual-basis income-statement expense). NOT marked reviewed -- verification against the FY2025 10-K alone is insufficient per instruction; still needs cross-check against the three FY2025 10-Q primary statements before review. TAG MIGRATION FOUND 2026-09-15 (Milestone 2, authoritative-filing reassessment): us-gaap:InterestExpenseNonoperating is correct for FY2024/FY2025 only. The FY2021, FY2022, and FY2023 10-Ks (each authoritative for its own year) use the plain us-gaap:InterestExpense tag instead (0 InterestExpenseNonoperating occurrences in any of those three filings); values are continuous across the rename (FY2021=421M, FY2022=478M, FY2023=502M, reproducing the pretax-income bridge exactly in every year) -- a tag rename, not a restatement. This metrics.csv schema cannot express a vintage-dependent tag in one column; see docs/milestone_2_proposal.md's mapping matrix for the full per-filing tag record. See docs/decisions.md 2026-09-15 entries.",reviewed
income_tax_expense,income_statement,flow,us-gaap,IncomeTaxExpenseBenefit,USD,positive_magnitude_expense,candidate_unverified,Only modeled explicitly if the explicit-tax net-income method is chosen.,reviewed
net_other_income,income_statement,flow,us-gaap,OtherNonoperatingIncomeExpense,USD,positive_magnitude_inflow,reviewed,"REVIEWED 2026-09-15 per project owner confirmation that raw-fact 0000027419-26-000016:us-gaap:OtherNonoperatingIncomeExpense:c-1 is the consolidated FY2025 Statement of Operations fact with no dimensional members. Statement of Operations line 'Net other income', between 'Net interest expense' and 'Earnings before income taxes'. Confirmed via raw ix:nonFraction markup at accession 0000027419-26-000016: taxonomy=us-gaap, tag=OtherNonoperatingIncomeExpense, contextRef=c-1 (entity 0000027419, duration 2025-02-02 to 2026-01-31, no dimensional segment), unitRef=usd, scale=6, raw tagged value=95 (no sign='-' attribute present, unlike IncreaseDecreaseInAccountsPayable's explicit sign='-'), true value=95,000,000. Presentation sign: displayed in parentheses '(95)' on the rendered statement. Internal normalized sign: POSITIVE/additive -- confirmed by exact reproduction of the reported bridge: Operating income 5,117 - Net interest expense 445 + Net other income 95 - Provision for income taxes 1,062 = Net earnings 3,705 (exact, no residual). Competing candidates checked: only us-gaap:InterestExpenseNonoperating (already the separate Net interest expense line) and us-gaap:RentalIncomeNonoperating (a narrower, unrelated note-level concept) appear anywhere in the document; neither is a genuine competitor for this line. Also present at c-216/c-217/c-218 under tgt:ReportableSegmentMember -- dimensional duplicate, excluded from selection. See docs/decisions.md 2026-09-15 entries for the full evidence record.",reviewed
net_income,income_statement,flow,us-gaap,NetIncomeLoss,USD,positive_magnitude_inflow,candidate_unverified,"TAG MIGRATION FOUND 2026-09-15 (Milestone 2, authoritative-filing reassessment): us-gaap:NetIncomeLoss is correct for FY2022-FY2025 (all three filings covering those years use it). The FY2021 10-K (authoritative for FY2021) has zero NetIncomeLoss occurrences; it tags the 'Net earnings' statement line as us-gaap:NetIncomeLossAvailableToCommonStockholdersBasic instead (value 6,946M, exactly reproducing the pretax-income bridge -- Target has no preferred stock or noncontrolling interest in this period, so this basic-EPS-numerator tag and the headline net-income concept are identical here). This metrics.csv schema cannot express a vintage-dependent tag in one column; see docs/milestone_2_proposal.md's mapping matrix for the full per-filing tag record. See docs/decisions.md 2026-09-15 entries.",reviewed
cash_and_equivalents_balance_sheet,balance_sheet,point_in_time,us-gaap,CashCashEquivalentsAndShortTermInvestments,USD,point_in_time_unsigned,reviewed,"Point-in-time only. Never differenced to create a quarterly flow. Confirmed 2026-09-15 against the actual <ix:nonFraction> markup in accession 0000027419-26-000016 (contexts c-6=2026-01-31 val 5488M, c-7=2025-02-01 val 4762M), Consolidated Statements of Financial Position, 'Cash and cash equivalents' line. Kept a distinct metric from cash_and_equivalents_rollforward even though they currently agree numerically — see that row's notes. See docs/decisions.md 2026-09-15 entries.",reviewed
cash_and_equivalents_rollforward,cash_flow_statement,point_in_time,us-gaap,CashCashEquivalentsRestrictedCashAndRestrictedCashEquivalents,USD,point_in_time_unsigned,reviewed,"Point-in-time only; used specifically as the beginning/ending balance in the CFO+CFI+CFF+FX cash roll-forward check, per ASC 230/ASU 2016-18 (includes restricted cash, which the balance-sheet line does not by concept). Confirmed 2026-09-15 against accession 0000027419-26-000016 (contexts c-6/c-7/c-8/c-9), Consolidated Statements of Cash Flows, 'Cash and cash equivalents at beginning/end of period' lines. Numerically identical to cash_and_equivalents_balance_sheet only because Target discloses zero restricted cash in these periods — do not merge the two metrics on that basis; a period with nonzero restricted cash would make them diverge. See docs/decisions.md 2026-09-15 entries.",reviewed
inventory,balance_sheet,point_in_time,us-gaap,InventoryNet,USD,point_in_time_unsigned,candidate_unverified,Point-in-time only.,reviewed
accounts_payable,balance_sheet,point_in_time,us-gaap,AccountsPayableCurrent,USD,point_in_time_unsigned,candidate_unverified,Point-in-time only.,reviewed
long_term_debt,balance_sheet,point_in_time,us-gaap,LongTermDebtAndCapitalLeaseObligations,USD,point_in_time_unsigned,candidate_unverified,"CORRECTED 2026-09-15 (Milestone 2 mapping review): candidate_xbrl_tag changed from LongTermDebtNoncurrent (0 occurrences in either cached filing) to LongTermDebtAndCapitalLeaseObligations (noncurrent) with companion tag LongTermDebtAndCapitalLeaseObligationsCurrent (current portion), both present on the Consolidated Statements of Financial Position. FY2025 10-K: noncurrent c-6 (2026-01-31)=14,326M, c-7 (2025-02-01)=14,304M; current c-6=2,130M, c-7=1,636M. FY2024 10-K: noncurrent c-6 (2025-02-01)=14,304M, c-7 (2024-02-03)=14,922M; current c-6=1,636M, c-7=1,116M. UNRESOLVED competing candidate: us-gaap:LongTermDebt (a debt-maturity-schedule note total, e.g. FY2025 10-K c-6=14,398M vs. LongTermDebtAndCapitalLeaseObligations c-6=14,326M -- a genuine, numerically different figure, not a duplicate; appears to exclude finance-lease obligations that the Statement of Financial Position line includes). Total debt (current+noncurrent) is proposed as the 'long_term_debt' input to net_debt and the debt-to-CFO drivers; whether to use the balance-sheet line or the note-schedule LongTermDebt figure is an open mapping-review question. DEBT-CLASSIFICATION CORRECTION 2026-09-15 (reviewer-directed, second round): this row is superseded in naming (not deleted) by long_term_debt_gaap_carrying_value, an identical-tag, identical-value row using the corrected explicit taxonomy. The reviewer corrected an earlier over-classification here: direct comparison of this row's total to debt_principal_schedule (us-gaap:LongTermDebt) is NOT_APPLICABLE (the two are different definitions -- contractual/note-schedule principal vs. GAAP carrying value -- not a validation target), and the bridge attempting to reconcile them (via finance_lease_obligations and the undisclosed unamortized_discount_premium_and_issuance_cost component) is BLOCKED, not FAIL, since the required disclosure simply does not exist in any of the 5 filings rather than existing and disagreeing. See the full bridge and PASS/FAIL/BLOCKED/NOT_APPLICABLE breakdown in docs/milestone_2_proposal.md Section 7. Not marked reviewed. See docs/decisions.md 2026-09-15 Milestone 2 entries.",candidate_unverified
operating_cash_flow,cash_flow_statement,flow,us-gaap,NetCashProvidedByUsedInOperatingActivities,USD,signed_bidirectional,reviewed,"REVIEWED 2026-09-15 per mapping-approval criteria: exact tag us-gaap:NetCashProvidedByUsedInOperatingActivities appears on the primary Consolidated Statements of Cash Flows in all 5 cached filings (FY2024 10-K, FY2025 Q1/Q2/Q3 10-Qs, FY2025 10-K), consolidated context (no dimensional/segment duplicate found anywhere), no competing candidate tag found (only the standard NetCashProvidedByUsedInOperatingActivities exists). CORRECTED 2026-09-15 (sign-policy fix): concept_directionality is signed_bidirectional, not a fixed-sign magnitude -- CFO has always been positive in the periods examined, but the concept itself permits either sign (a period of net operating cash use is not a mapping error), so combining periods must never be gated on raw sign, only on all four sharing this same directionality policy. Reported only as YTD-cumulative in the 10-Qs (context c-1 = that filing's own YTD period) -- no discrete-quarter figure is ever separately filed, so this follows the same YTD-only derivation pattern as depreciation_amortization_cfo_addback (Q1 direct since YTD1=Q1; Q2-Q4 derived by subtraction). Exact reconciliation confirmed against reported net-change-in-cash and beginning/ending cash for all 5 periods (Q1, 6mo, 9mo, FY2025 annual, FY2024 annual) -- see docs/decisions.md 2026-09-15 cash-flow-mapping entries.",reviewed
investing_cash_flow,cash_flow_statement,flow,us-gaap,NetCashProvidedByUsedInInvestingActivities,USD,signed_bidirectional,reviewed,"REVIEWED 2026-09-15, same criteria and evidence as operating_cash_flow. CORRECTED 2026-09-15 (sign-policy fix): concept_directionality is signed_bidirectional -- CFI has always been negative (net use of cash) in the periods examined, but the concept permits either sign (e.g. a large divestiture could make a period net-positive), so raw sign is never a compatibility gate, only matching directionality policy is. Competing candidate us-gaap:PaymentsForProceedsFromOtherInvestingActivities considered and rejected -- it is a sub-component within investing activities (a single line item), not the net investing-activities total. YTD-only pattern, same as operating_cash_flow. See docs/decisions.md 2026-09-15 cash-flow-mapping entries.",reviewed
financing_cash_flow,cash_flow_statement,flow,us-gaap,NetCashProvidedByUsedInFinancingActivities,USD,signed_bidirectional,reviewed,"REVIEWED 2026-09-15, same criteria and evidence as operating_cash_flow. CORRECTED 2026-09-15 (sign-policy fix): concept_directionality is signed_bidirectional -- CFF has always been negative (net use of cash: dividends + share repurchases + debt repayments exceeding any debt proceeds) in the periods examined, but the concept permits either sign (e.g. a large debt issuance could make a period net-positive), so raw sign is never a compatibility gate. No competing candidate found. YTD-only pattern, same as operating_cash_flow. See docs/decisions.md 2026-09-15 cash-flow-mapping entries.",reviewed
net_change_in_cash,cash_flow_statement,flow,us-gaap,CashCashEquivalentsRestrictedCashAndRestrictedCashEquivalentsPeriodIncreaseDecreaseIncludingExchangeRateEffect,USD,signed_bidirectional,reviewed,"REVIEWED 2026-09-15. This is Target's own reported net-change-in-cash line, used for the cash_movement (Layer A) and cash_flow_composition (Layer B) validation checks -- NOT the same concept as cash_and_equivalents_rollforward (which is the point-in-time beginning/ending balance). No separate FX line or fact exists anywhere in any of the 5 filings (exhaustive tag scan for any *ExchangeRate* concept found none) -- Target's own tag name explicitly says ""...IncludingExchangeRateEffect"", meaning FX (if any) is definitionally folded into this one reported figure, never a separate addend. Exact reconciliation confirmed: CFO+CFI+CFF equals this reported figure exactly (zero residual) in all 5 periods examined -- see docs/decisions.md 2026-09-15 cash-flow-mapping entries for the full table. Sign is the true net change (can be positive or negative); do not confuse with cash_and_equivalents_rollforward's point-in-time instant values.",reviewed
depreciation_amortization_opex,income_statement,flow,us-gaap,DepreciationAndAmortization,USD,positive_magnitude_expense,reviewed,"Statement of Operations line, titled by Target itself 'Depreciation and amortization (exclusive of depreciation included in cost of sales)' -- the label itself confirms part of D&A is embedded in cost_of_sales. Confirmed 2026-09-15 against accession 0000027419-26-000016 (context c-1, FY2025=2617M; c-4, FY2024=2529M; c-5, FY2023=2415M). Kept distinct from depreciation_amortization_cfo_addback: this is the smaller, exclusive-of-COGS operating-expense figure only, never the total. See docs/decisions.md 2026-09-15 entries.",reviewed
depreciation_amortization_cfo_addback,cash_flow_statement,flow,us-gaap,DepreciationDepletionAndAmortization,USD,positive_magnitude_inflow,reviewed,"Total D&A non-cash add-back in the Statement of Cash Flows, including the portion embedded in cost of sales (~$517M for FY2025: 3134-2617). Confirmed 2026-09-15 against accession 0000027419-26-000016 (context c-1, FY2025=3134M; c-4, FY2024=2981M; c-5, FY2023=2801M). Used ONLY in the CFO reconciliation -- must never also be inserted as a second income-statement operating expense alongside depreciation_amortization_opex, which already reflects its own (smaller) portion. See docs/decisions.md 2026-09-15 entries.",reviewed
inventory_cash_adjustment,cash_flow_statement,flow,us-gaap,IncreaseDecreaseInInventories,USD,custom_reviewed,candidate_unverified,Verify reported sign convention against the statement before treating as a CFO addback/subtraction.,candidate_unverified
accounts_payable_cash_adjustment,cash_flow_statement,flow,us-gaap,IncreaseDecreaseInAccountsPayable,USD,custom_reviewed,candidate_unverified,Verify reported sign convention against the statement.,candidate_unverified
capital_expenditure,cash_flow_statement,flow,us-gaap,PaymentsToAcquirePropertyPlantAndEquipment,USD,positive_magnitude_outflow,candidate_unverified,,reviewed
dividends_paid,cash_flow_statement,flow,us-gaap,PaymentsOfDividendsCommonStock,USD,positive_magnitude_outflow,candidate_unverified,"CORRECTED 2026-09-15 (found while building the annual dry-run script, item 8): candidate_xbrl_tag changed from PaymentsOfDividends to PaymentsOfDividendsCommonStock -- us-gaap:PaymentsOfDividends has 0 occurrences in any of the 5 cached filings (confirmed by tag scan); PaymentsOfDividendsCommonStock is the actual Statement of Cash Flows 'Dividends paid' line, already used throughout this project's own analysis (e.g. docs/milestone_2_proposal.md's cash-flow tables) but never corrected here until this dry run's raw_facts query came back empty and exposed the mismatch. Not marked reviewed.",reviewed
share_repurchases,cash_flow_statement,flow,us-gaap,PaymentsForRepurchaseOfCommonStock,USD,positive_magnitude_outflow,candidate_unverified,"RECLASSIFICATION FOUND 2026-09-15 (Milestone 2, authoritative-filing reassessment), UPDATED 2026-09-15 (second review round -- FY2021 also affected, not just FY2022): the FY2023 10-K reclassifies BOTH FY2021 and FY2022 relative to the filings that originally reported them as their own primary year. FY2022: fact_id 0000027419-23-000015:us-gaap:PaymentsForRepurchaseOfCommonStock:icce5194b17ef459680012472bdec4a34_D20220130-20230128 = 2,826M (as-originally-filed) vs. fact_id 0000027419-24-000032:us-gaap:PaymentsForRepurchaseOfCommonStock:c-10 = 2,646M (latest-restated, carried unchanged into the FY2024 10-K's FY2022 comparative), a $180M difference. FY2021: fact_id 0000027419-22-000007:us-gaap:PaymentsForRepurchaseOfCommonStock:ia69484dcd4e4439791020018d198f9dd_D20210131-20220129 = 7,356M (as-originally-filed, corroborated unchanged by the FY2022 10-K's own FY2021 comparative) vs. fact_id 0000027419-24-000032:us-gaap:PaymentsForRepurchaseOfCommonStock:c-11 = 7,188M (latest-restated), a $168M difference. Both reclassifications first appear in the FY2023 10-K, applied retrospectively to both open comparative years at once -- this timing pattern is consistent with (but does not prove) a systematic classification-methodology change rather than a one-off correction of an error; searched both filings' text for 'excise tax' and 'accelerated share repurchase' disclosures and found no explanatory text tying a specific dollar amount to this shift. NOT LABELED AN ERROR -- classified as an unexplained reclassification pending further evidence. All values retained; FY2023, FY2024, FY2025 repurchase figures agree exactly across every filing vintage that reports them. See docs/decisions.md 2026-09-15 entries.",reviewed
debt_proceeds,cash_flow_statement,flow,us-gaap,ProceedsFromIssuanceOfLongTermDebt,USD,positive_magnitude_inflow,candidate_unverified,,reviewed
debt_repayments,cash_flow_statement,flow,us-gaap,RepaymentsOfLongTermDebt,USD,positive_magnitude_outflow,candidate_unverified,,reviewed
finance_lease_obligations,balance_sheet,point_in_time,us-gaap,FinanceLeaseLiability,USD,point_in_time_unsigned,candidate_unverified,"SUPERSEDED 2026-09-15 by finance_lease_liabilities (identical tag, identical formula -- purely a rename to align with the item-2 A-E lease-measure lettering: measure B). See that row.",candidate_unverified
debt_principal_or_note_schedule,balance_sheet,point_in_time,us-gaap,LongTermDebt,USD,point_in_time_unsigned,candidate_unverified,SUPERSEDED 2026-09-15 by debt_principal_schedule (identical tag and values; renamed per the reviewer's explicit debt-taxonomy correction). See that row and docs/milestone_2_proposal.md Section 7.,candidate_unverified
total_interest_bearing_debt,balance_sheet,point_in_time,us-gaap,,USD,point_in_time_unsigned,candidate_unverified,"SUPERSEDED 2026-09-15. The reviewer corrected this milestone's debt-metric taxonomy: direct comparison of the note-schedule total to the GAAP carrying value is NOT_APPLICABLE (different definitions, not a validation target), so a single ambiguous 'total_interest_bearing_debt' pending an (a)/(b) choice is replaced by explicitly-named metrics: total_debt_gaap (GAAP carrying value excluding finance leases), long_term_debt_gaap_carrying_value (including finance leases), valuation_net_debt, and adjusted_net_debt_including_finance_leases -- see those rows and docs/milestone_2_proposal.md Section 7.",candidate_unverified
debt_principal_schedule,balance_sheet,point_in_time,us-gaap,LongTermDebt,USD,point_in_time_unsigned,candidate_unverified,"NEW 2026-09-15 (Milestone 2 debt-classification correction, item 5). Debt-maturity-schedule note total. Confirmed present in all 5 filings as a single combined instant value (not split current/noncurrent -- no such split exists for this tag in any filing): FY2025=14,398M, FY2024=13,904M, FY2023=14,151M, FY2022=14,141M, FY2021=11,568M. Direct comparison to long_term_debt_gaap_carrying_value is NOT_APPLICABLE (different definitions: contractual/note-schedule principal vs. GAAP balance-sheet carrying value) -- see the debt bridge in docs/milestone_2_proposal.md Section 7. Not marked reviewed.",reviewed
long_term_debt_gaap_carrying_value,balance_sheet,point_in_time,us-gaap,LongTermDebtAndCapitalLeaseObligations,USD,point_in_time_unsigned,candidate_unverified,"NEW 2026-09-15 (Milestone 2 debt-classification correction, item 5). Explicitly-named successor to the long_term_debt row. NONCURRENT portion only -- see long_term_debt_gaap_carrying_value_current for the current-portion tag, added separately 2026-09-15 after this row's candidate_xbrl_tag column (holding only the noncurrent tag string) was found to have never actually caused the Current variant to be scanned into raw_facts, even though every note and downstream table describing this metric assumed 'current+noncurrent' combined. Represents the GAAP Statement-of-Financial-Position carrying value, INCLUDING finance lease obligations. Not marked reviewed. CORRECTED 2026-09-15 (Milestone 2 mapping-approval round, self-caught gap): this row duplicates long_term_debt_gaap_carrying_value_noncurrent's tag (both candidate_xbrl_tag=us-gaap:LongTermDebtAndCapitalLeaseObligations) but target_cash.annual.derive() actually produces a DIFFERENT value under this exact metric name -- the DERIVED SUM of the noncurrent and current components (set_derived('long_term_debt_gaap_carrying_value', ltd_nc + cur_combined)), not the noncurrent-only tag this row describes. Reverted annual_mapping_status from 'reviewed' to 'candidate_unverified': this row's own evidence does not actually match what the annual model computes under this name. The correct mapping evidence now lives in config/metric_definitions.csv (def_long_term_debt_gaap_carrying_value_v1, review_status=reviewed), lineage-based on this metric's own noncurrent/current component rows, which ARE independently reviewed. This metrics.csv row is retained only as a historical record of the earlier, superseded single-tag attempt -- not read by target_cash.annual at all (its DURATION_METRICS/INSTANT_METRICS dicts are hardcoded, independent of this CSV's candidate_xbrl_tag column).",candidate_unverified
long_term_debt_gaap_carrying_value_current,balance_sheet,point_in_time,us-gaap,LongTermDebtAndCapitalLeaseObligationsCurrent,USD,point_in_time_unsigned,candidate_unverified,"NEW 2026-09-15 (found while building the annual dry-run script, item 8): the current-portion companion tag to long_term_debt_gaap_carrying_value, needed as its own metrics.csv row so normalize's concept scan actually extracts it into raw_facts -- previously only mentioned in another row's notes text, never scanned. Confirmed present in all 5 filings: FY2025=2,130M, FY2024=1,636M, FY2023=1,116M, FY2022=130M, FY2021=171M. Not marked reviewed.",reviewed
current_portion_of_debt,balance_sheet,point_in_time,us-gaap,,USD,point_in_time_unsigned,candidate_unverified,"NEW 2026-09-15 (Milestone 2 debt-classification correction, item 5). DERIVED = LongTermDebtAndCapitalLeaseObligationsCurrent - FinanceLeaseLiabilityCurrent (the current portion of debt excluding finance leases). Confirmed exact reconciliation in every year: FY2025=2,130-131=1,999; FY2024=1,636-136=1,500; FY2023=1,116-119=997; FY2022=130-129=1; FY2021=171-108=63. FY2022's near-zero result (only $1M) is a genuine, notable data point, not a computation error -- almost the entire FY2022 current-portion balance was finance leases that year. Not marked reviewed. CORRECTED 2026-09-15 (Milestone 2 mapping-approval round, self-caught gap): this metric is NOT computed by target_cash.annual.derive() -- no set_derived() call produces it, and it has no XBRL tag of its own (candidate_xbrl_tag is empty). Reverted annual_mapping_status from 'reviewed' to 'candidate_unverified' -- it was incorrectly marked reviewed without the pipeline ever actually producing this value. Excluded from the current mapping-approval matrix pending either (a) implementation as a derived metric (long_term_debt_gaap_carrying_value_current - finance_lease_liability_current) with its own metric_definitions.csv row, or (b) removal if redundant with existing bridge fields.",candidate_unverified
finance_lease_liability_current,balance_sheet,point_in_time,us-gaap,FinanceLeaseLiabilityCurrent,USD,point_in_time_unsigned,candidate_unverified,"NEW 2026-09-15 (Milestone 2 debt-classification correction, item 5). Confirmed present in all 5 filings: FY2025=131M, FY2024=136M, FY2023=119M, FY2022=129M, FY2021=108M. Sums exactly with finance_lease_liability_noncurrent to finance_lease_obligations in every year. Not marked reviewed.",reviewed
finance_lease_liability_noncurrent,balance_sheet,point_in_time,us-gaap,FinanceLeaseLiabilityNoncurrent,USD,point_in_time_unsigned,candidate_unverified,"NEW 2026-09-15 (Milestone 2 debt-classification correction, item 5). Confirmed present in all 5 filings: FY2025=1,982M, FY2024=2,025M, FY2023=1,894M, FY2022=1,943M, FY2021=1,967M. Not marked reviewed.",reviewed
unamortized_discount_premium_and_issuance_cost,balance_sheet,point_in_time,us-gaap,,USD,point_in_time_unsigned,candidate_unverified,"CORRECTED 2026-09-15 (third debt-classification review, this round): the earlier BLOCKED classification is withdrawn. The debt bridge DOES reconcile exactly in every year -- the reviewer's own instruction to build the literal bridge template surfaced a search gap: this project's tag scan checked only standard us-gaap:DebtInstrumentUnamortized*/UnamortizedDebt* concepts and the word 'unamortized', but Target's actual note-level debt-maturity schedule reconciles via a different, company-extension-taxonomy line, 'Swap valuation adjustments' (tag tgt:SwapValuationAdjustments -- a fair-value-hedge accounting adjustment from interest-rate swaps on the debt, not an amortized issuance-cost line), found once the literal rendered note table (not just a tag-name pattern search) was read directly. See debt_fair_value_hedge_adjustment for the real bridge component and docs/milestone_2_proposal.md Section 2 for the exact, all-5-years reconciliation. This row (a true unamortized-discount/premium/issuance-cost line) remains confirmed absent/not needed -- Target's bridge does not use one -- and is kept here, unpopulated, only as a record that this specific GAAP-standard component was checked and is not what explains the debt schedule.",candidate_unverified
debt_fair_value_hedge_adjustment,balance_sheet,point_in_time,tgt,SwapValuationAdjustments,USD,signed_bidirectional,candidate_unverified,"NEW 2026-09-15 (third debt-classification review). Company-extension-taxonomy tag (tgt:SwapValuationAdjustments, not us-gaap), found by reading Target's own debt-maturity-schedule note table directly rather than by tag-name pattern search -- explains why the earlier exhaustive us-gaap tag scan missed it. Statement location: the debt-maturity-schedule note, between 'Total notes and debentures' (debt_principal_schedule) and 'Finance lease liabilities' (finance_lease_liabilities), immediately before 'Less: Amounts due within one year'. Confirmed present in all 5 filings: FY2025=(55) [sign='-'], FY2024=(125), FY2023=(126), FY2022=(74), FY2021=77 [no sign attribute -- positive, the only year this adjustment is additive rather than subtractive; a fair-value hedge adjustment can genuinely flip sign with interest-rate movements, so this is not treated as an anomaly]. EXACT bridge verified in all 5 years: debt_principal_schedule + debt_fair_value_hedge_adjustment (signed) + finance_lease_liabilities - [current portion of the combined BS line] = long_term_debt_gaap_carrying_value (noncurrent portion) -- e.g. FY2025: 14,398-55+2,113-2,130=14,326, exactly the reported noncurrent balance. See docs/milestone_2_proposal.md Section 2 for the full 5-year table. Not marked reviewed.",reviewed
total_debt_gaap,balance_sheet,point_in_time,us-gaap,,USD,point_in_time_unsigned,candidate_unverified,"SUPERSEDED 2026-09-15 (second debt-taxonomy correction, item 2) by total_debt_gaap_excluding_separately_reported_leases -- identical formula and values, renamed to make explicit that this figure already excludes finance leases (so they are never double-counted by re-adding finance_lease_liabilities to a total that already lacks them). See that row.",candidate_unverified
valuation_net_debt,balance_sheet,point_in_time,us-gaap,,USD,point_in_time_unsigned,candidate_unverified,"SUPERSEDED 2026-09-15 (second debt-taxonomy correction, item 2) by valuation_net_debt_excluding_leases -- identical formula and values, renamed for the same reason as total_debt_gaap's supersession. See that row.",candidate_unverified
total_debt_gaap_excluding_separately_reported_leases,balance_sheet,point_in_time,us-gaap,,USD,point_in_time_unsigned,candidate_unverified,"NEW 2026-09-15 (Milestone 2, item 2 lease-double-counting correction; measure A). DERIVED = long_term_debt_gaap_carrying_value - finance_lease_liabilities. The GAAP carrying value of debt instruments only (bonds, term loans, etc.), EXCLUDING finance leases, which the balance-sheet 'Long-term debt and other borrowings' line reports combined with finance leases in one caption -- confirming this exclusion is necessary is exactly the purpose of the lease-inclusion component matrix in docs/milestone_2_proposal.md Section 2. FY2025=14,343M, FY2024=13,779M, FY2023=14,025M, FY2022=14,067M, FY2021=11,645M. Does not exactly equal debt_principal_schedule in any year -- the bridge is BLOCKED (undisclosed unamortized_discount_premium_and_issuance_cost input), not FAIL. Not marked reviewed.",candidate_unverified
finance_lease_liabilities,balance_sheet,point_in_time,us-gaap,FinanceLeaseLiability,USD,point_in_time_unsigned,candidate_unverified,"NEW 2026-09-15 (Milestone 2, item 2 lease-double-counting correction; measure B). Canonical name for the combined current+noncurrent finance-lease total, superseding finance_lease_obligations (identical formula: finance_lease_liability_current + finance_lease_liability_noncurrent). Already confirmed EXCLUDED from long_term_debt_gaap_carrying_value's own tag definition would be wrong to assume -- see the component matrix in docs/milestone_2_proposal.md Section 2 establishing that the GAAP balance-sheet debt line INCLUDES finance leases (hence total_debt_gaap_excluding_separately_reported_leases must subtract this row; adjusted_net_debt_including_finance_leases must not add it back to long_term_debt_gaap_carrying_value, only to the excluding-leases figure). FY2025=2,113M, FY2024=2,161M, FY2023=2,013M, FY2022=2,072M, FY2021=2,075M. Not marked reviewed.",candidate_unverified
operating_lease_liabilities,balance_sheet,point_in_time,us-gaap,OperatingLeaseLiability,USD,point_in_time_unsigned,candidate_unverified,"NEW 2026-09-15 (Milestone 2, item 2 lease-double-counting correction; measure C). Confirmed present (current: OperatingLeaseLiabilityCurrent; noncurrent: OperatingLeaseLiabilityNoncurrent) in all 5 filings, entirely separate from every finance-lease and debt tag -- GAAP does not classify operating leases as debt. Deliberately NOT included in long_term_debt_gaap_carrying_value, total_debt_gaap_excluding_separately_reported_leases, valuation_net_debt_excluding_leases, or adjusted_net_debt_including_finance_leases. Held here, unpopulated with year values this round (not yet needed by any dry-run cell), so it exists as an explicit, separate row rather than being silently absent -- available for a future 'leverage including operating leases' scenario, per the explicit instruction that operating leases stay separate unless such a scenario is deliberately built. Not marked reviewed.",candidate_unverified
valuation_net_debt_excluding_leases,balance_sheet,point_in_time,us-gaap,,USD,point_in_time_unsigned,candidate_unverified,"NEW 2026-09-15 (Milestone 2, item 2/3; measure D). DERIVED = total_debt_gaap_excluding_separately_reported_leases - cash_and_equivalents_balance_sheet (interest-bearing GAAP debt, excluding finance and operating leases, minus cash and eligible short-term investments -- Target's balance-sheet cash line already includes any short-term investments; no separate line exists). This project's own construction, an analytical valuation input -- NEVER labeled 'Target-reported Net Debt', since Target discloses no net-debt measure of its own anywhere in any of the 5 filings. FY2025=8,855M, FY2024=9,017M, FY2023=10,220M, FY2022=11,838M, FY2021=5,734M. DEFAULT measure for the DCF enterprise-to-equity bridge (a later milestone) unless the enterprise-value and cash-flow conventions are modified consistently to match a different net-debt definition -- documented here, no DCF implemented this milestone. Not marked reviewed.",candidate_unverified
target_defined_net_debt,balance_sheet,point_in_time,us-gaap,,USD,point_in_time_unsigned,candidate_unverified,"NEW 2026-09-15 (Milestone 2, item 1 debt-inventory correction). DEFINITION PLACEHOLDER ONLY. Status: UNAVAILABLE / NOT_REPORTED -- Target discloses no net-debt measure of its own anywhere in any of the 5 cached filings (confirmed by exhaustive text search for 'net debt', zero occurrences in every filing). This row exists so that the absence of a Target-defined net-debt figure is explicit and queryable rather than silently missing from the metric inventory. Per explicit instruction: no annual fact may ever be created for this metric with a value of zero, an inferred value, or a value copied from valuation_net_debt_excluding_leases or any other metric -- if Target never discloses such a measure, this metric permanently has no value, and that is the correct, honest state, not a gap to be filled. Not marked reviewed.",candidate_unverified
adjusted_net_debt_including_finance_leases,balance_sheet,point_in_time,us-gaap,,USD,point_in_time_unsigned,candidate_unverified,"UPDATED 2026-09-15 (Milestone 2, item 2/3; measure E). DERIVED = valuation_net_debt_excluding_leases + finance_lease_liabilities NOT ALREADY INCLUDED IN DEBT (equivalently: long_term_debt_gaap_carrying_value - cash_and_equivalents_balance_sheet, since long_term_debt_gaap_carrying_value already includes finance leases -- adding finance_lease_liabilities to THAT figure, rather than to the excluding-leases figure, would double-count them; see the lease-inclusion component matrix in docs/milestone_2_proposal.md Section 2). An adjusted leverage view, analogous to a ratings-agency lease-adjusted debt view. FY2025=10,968M, FY2024=11,178M, FY2023=12,233M, FY2022=13,910M, FY2021=7,809M. This project's own construction, not a Target-defined figure. Supports leverage analysis and investment-capacity analysis (a later milestone); the DCF enterprise-to-equity bridge uses valuation_net_debt_excluding_leases by default instead (see that row). Not marked reviewed.",candidate_unverified
interest_expense_legacy_tag,income_statement,flow,us-gaap,InterestExpense,USD,positive_magnitude_expense,candidate_unverified,"NEW 2026-09-15 (found while building the annual dry-run script, item 8/9). Exists purely so normalize's concept scan ingests us-gaap:InterestExpense (the tag used in the FY2021-FY2023 10-Ks, per concept_equivalence_rules rule_interest_expense_v1) into raw_facts -- the interest_expense row's own candidate_xbrl_tag deliberately still points only at InterestExpenseNonoperating (not overwritten, per the versioned-equivalence-rule design), so without this row the legacy tag's raw facts would never be scanned even though the equivalence rule and the dry-run script both cite them. Not itself a distinct metric; not marked reviewed.",candidate_unverified
net_income_legacy_tag,income_statement,flow,us-gaap,NetIncomeLossAvailableToCommonStockholdersBasic,USD,positive_magnitude_inflow,candidate_unverified,"NEW 2026-09-15 (found while building the annual dry-run script, item 8/9). Exists purely so normalize's concept scan ingests us-gaap:NetIncomeLossAvailableToCommonStockholdersBasic (the FY2021 10-K's only tag for 'Net earnings', per concept_equivalence_rules rule_net_income_fy2021_v1, scoped to FY2021 only) into raw_facts. Not itself a distinct metric; not marked reviewed.",candidate_unverified
pretax_income,income_statement,flow,us-gaap,IncomeLossFromContinuingOperationsBeforeIncomeTaxesExtraordinaryItemsNoncontrollingInterest,USD,signed_bidirectional,candidate_unverified,"NEW 2026-09-15 (found while building the annual dry-run script, item 8/9): this metric was discussed extensively in docs/milestone_2_proposal.md's income-statement bridge (Operating income - interest_expense + net_other_income = Pretax income, verified exact in all 5 years) but was never actually added as its own config/metrics.csv row until the dry-run script's raw_facts query came back empty for every accession and exposed the gap -- the bridge verification in prior rounds was done by direct HTML re-extraction, not by querying raw_facts, so the omission was not caught until this round tried to query the real ingested data. Statement of Operations line 'Earnings before income taxes'. Not marked reviewed.",reviewed
diluted_eps,income_statement,flow,us-gaap,EarningsPerShareDiluted,USD,signed_bidirectional,candidate_unverified,"NEW 2026-09-15 (found while building the annual dry-run script, item 8/9), same gap as pretax_income above -- discussed in prior rounds' tables but never added as a metrics.csv row until now. Statement of Operations line 'Diluted'. Not marked reviewed.",reviewed
diluted_shares,income_statement,flow,us-gaap,WeightedAverageNumberOfDilutedSharesOutstanding,USD,point_in_time_unsigned,candidate_unverified,"NEW 2026-09-15 (found while building the annual dry-run script, item 8/9), same gap as pretax_income above. Statement of Operations line 'Weighted average diluted shares outstanding'. Not marked reviewed.",reviewed
long_term_debt_gaap_carrying_value_noncurrent,balance_sheet,point_in_time,us-gaap,LongTermDebtAndCapitalLeaseObligations,USD,point_in_time_unsigned,candidate_unverified,"ADDED 2026-09-15 (Milestone 2 mapping-approval round, self-caught gap): this row did not previously exist even though target_cash.annual.INSTANT_METRICS already resolves and uses this exact tag for the annual model's debt bridge (all 5 fiscal years reconcile to zero difference -- see test_all_five_years_debt_bridges_reconcile_to_zero_difference in tests/unit/test_annual_dry_run.py). Confirmed present in all 5 filings: FY2025=14,326M, FY2024=14,304M, FY2023=14,922M, FY2022=16,009M, FY2021=13,549M. Companion to long_term_debt_gaap_carrying_value_current. Not marked reviewed under the quarterly mapping_status (not a quarterly-derivation input).",reviewed
